"","","","","מפתח","שם","י.פתיחה","ינואר","פברואר","מרץ","אפריל","מאי","יוני","יולי","אוגוסט","ספטמבר","אוקטובר","נובמבר","דצמבר"
"קוד מיון","100","בנקים","100","","",,,,,,,,,,,,,
"","","","","10000","בנק הפועלים 130114",-350560.73,97417.94,242330.27,-27979.38,-20751.14,-270135.69,187572.13,-142995.73,95636.54,32245.00,-277114.25,-35565.66,0.00
"","","","","10003","$-130114 - 584 | 142 עו""ש בנק פועלים מטח USD",-13859.91,631.36,13973.56,-10295.85,-145874.11,-598791.52,223018.13,126963.48,161320.10,26549.19,-155313.25,170895.64,0.00
"","","","","10008","פיקדון בנק הפועלים",0.00,-29.01,-116.03,-3691.53,-10066.70,-635562.64,549465.91,100000.00,0.00,0.00,0.00,0.00,0.00
"","","","","10016","בנק דיסקונט - לא פעיל",0.00,0.00,0.00,0.00,-195469.13,0.00,0.00,0.00,0.00,0.00,0.00,0.00,0.00
"","","","","51386","ני""ע 5138698 דולפין כספית",0.00,0.00,0.00,0.00,0.00,0.00,-167000.24,0.00,0.00,0.00,0.00,0.00,0.00
"סה""כ קוד מיון","100","בנקים","100","","",,,,,,,,,,,,,
"","","","","","","-364,420.64","98,020.29","256,187.80","-41,966.76","-372,161.08","-1,504,489.85","793,055.93","83,967.75","256,956.64","58,794.19","-432,427.50","135,329.98","0.00"
"קוד מיון","101","כ.אשראי","101","","",,,,,,,,,,,,,
"","","","","10006","כ.א 845",6135.68,-6135.68,10676.67,-5213.60,4772.49,-286.73,-4460.51,-4452.56,4697.88,11712.52,2522.93,-13268.56,0.00
"","","","","10015","כ.א. 1383",90.00,1602.93,892.28,-1484.65,-24.74,753.77,-679.91,2283.70,-1447.12,6.51,2246.11,-5976.21,0.00
"","","","","13000","קופת נסיעות לחול 2025",0.00,0.00,0.00,0.00,0.00,0.00,-163.68,-2272.75,0.00,0.00,0.00,0.00,0.00
"סה""כ קוד מיון","101","כ.אשראי","101","","",,,,,,,,,,,,,
"","","","","","","6,225.68","-4,532.75","11,568.95","-6,698.25","4,747.75","467.04","-5,304.10","-4,441.61","3,250.76","11,719.03","4,769.04","-19,244.77","0.00"
"סה""כ קוד מיון ","10*","","","","",,,,,,,,,,,,,
"","","","","","","-358,194.96","93,487.54","267,756.75","-48,665.01","-367,413.33","-1,504,022.81","787,751.83","79,526.14","260,207.40","70,513.22","-427,658.46","116,085.21","0.00"
"קוד מיון","116","הלוואות","116","","",,,,,,,,,,,,,
"","","","","10012","פועלים הלוואה-21- מה28.12.21 1500000 130114",370643.61,-33120.55,-33217.15,-33314.03,-33411.20,-33508.65,-34985.41,-33704.40,-33802.71,-33901.30,-34000.18,-34099.51,0.00
"","","","","10014","הלוואה 09.04.23 סך 400,000 ש""ח מס 27",0.00,0.00,0.00,0.00,0.00,0.00,327291.71,602034.63,0.00,0.00,0.00,0.00,0.00
"","","","","10017","הלוואת בעלים",0.00,217260.00,350.00,-50000.00,0.00,-73.86,0.00,-25000.00,0.00,0.00,0.00,0.00,0.00
"","","","","10019","פועלים הלוואה -28- 500K -08.04.2024",0.00,0.00,0.00,0.00,500000.00,0.00,-505888.67,0.00,0.00,0.00,0.00,0.00,0.00
"סה""כ קוד מיון","116","הלוואות","116","","",,,,,,,,,,,,,
"","","","","","","370,643.61","184,139.45","-32,867.15","-83,314.03","466,588.80","-33,582.51","-213,582.37","543,330.23","-33,802.71","-33,901.30","-34,000.18","-34,099.51","0.00"
"קוד מיון","150","קופות","150","","",,,,,,,,,,,,,
"","","","","10004","קופה קטנה",0.00,4841.75,95.00,80.40,0.00,0.00,0.00,0.00,0.00,25.46,44.19,0.00,0.00
"","","","","11008","קופת ביט - GROW  גראו משולם",-5353.60,5568.48,0.00,3523.98,-3796.85,-8508.46,16996.95,-5421.89,-1372.58,2179.22,-2323.69,37279.96,0.00
"","","","","11013","קופת דיינרס - ראה 37023",-3133.47,3133.47,0.00,0.00,0.00,0.00,0.00,0.00,0.00,0.00,0.00,0.00,0.00
"","","","","11014","קופת הכנסות מאשראי",-134186.58,61132.65,-25462.25,-13860.76,67143.86,-380107.37,-304187.58,704827.00,-140062.64,-495540.27,-229038.03,1133933.30,0.00
"","","","","20160","פאיימי בע""מ - סופר פארם",0.00,374.70,5.05,0.00,0.00,763.52,369.78,1551.87,68.34,4256.87,1055.46,199.48,0.00
"","","","","30720","צמרת חן מעבר- ראה 11014",0.00,-71.39,0.00,0.00,0.00,0.00,0.00,-1005799.28,99021.55,485695.75,206801.07,0.00,0.00
"","","","","37022","משולם חן מעבר- ראה 11008",0.00,0.00,0.00,0.00,0.00,0.00,0.00,-1279.40,0.00,0.00,0.00,0.00,0.00
"","","","","37023","קופת דיינרס / מעבר",0.00,0.00,0.00,0.00,0.00,0.00,0.00,0.00,22029.58,14948.49,18301.32,14784.54,0.00
"","","","","37024","קופת ביי מי",-66394.41,39633.45,2362.07,1083.47,-17743.74,-2068.08,29232.91,-3079.99,10024.69,-438.00,-1842.15,15915.42,0.00
"סה""כ קוד מיון","150","קופות","150","","",,,,,,,,,,,,,
"","","","","","","-209,068.06","114,613.11","-23,000.13","-9,172.91","45,603.27","-389,920.39","-257,587.94","-309,201.69","-10,291.06","11,127.52","-7,001.83","1,202,112.70","0.00"
"סה""כ קוד מיון ","1**","","","","",,,,,,,,,,,,,
"","","","","","","-196,619.41","392,240.10","211,889.47","-141,151.95","144,778.74","-1,927,525.71","316,581.52","313,654.68","216,113.63","47,739.44","-468,660.47","1,284,098.40","0.00"
"קוד מיון","200","לקוחות","200","","",,,,,,,,,,,,,
"","","","","30000","לקוחות",7946.40,0.00,0.00,0.00,0.00,0.00,0.00,0.00,13097.07,-19947.81,0.00,0.00,0.00
"","","","","30001","טרמינל X",0.00,0.00,0.00,0.00,0.00,-18596.33,0.00,0.00,0.00,18596.33,0.00,0.00,0.00
"","","","","37143","מגל אופנה בע""מ",-180264.54,-5610.06,0.00,0.00,0.00,0.00,104264.80,0.00,0.00,0.00,0.00,0.00,0.00
"סה""כ קוד מיון","200","לקוחות","200","","",,,,,,,,,,,,,
"","","","","","","-172,318.14","-5,610.06","0.00","0.00","0.00","-18,596.33","104,264.80","0.00","13,097.07","-1,351.48","0.00","0.00","0.00"
"קוד מיון","201","סופרפארם בעמ","201","","",,,,,,,,,,,,,
"","","","","20203","אתר סחר סופר פארם*********************",0.00,20130.09,-118.93,-19783.95,0.00,67.96,347.86,1070.04,0.00,0.00,0.00,0.00,0.00
"","","","","20230","סופר פארם לקוח",-1849902.97,448025.69,-2224345.71,1043539.28,-113596.98,1780730.91,259764.86,-134327.39,-84537.06,7495.86,547588.30,28815.73,0.00
"","","","","30696","סופר פארם בע""מ",1052955.85,-473844.23,0.00,0.00,12862.00,0.00,-127767.57,21620.09,68795.81,30816.79,-412271.29,0.00,0.00
"סה""כ קוד מיון","201","סופרפארם בעמ","201","","",,,,,,,,,,,,,
"","","","","","","-796,947.12","-5,688.45","-2,224,464.64","1,023,755.33","-100,734.98","1,780,798.87","132,345.15","-111,637.26","-15,741.25","38,312.65","135,317.01","28,815.73","0.00"
"סה""כ קוד מיון ","20*","","","","",,,,,,,,,,,,,
"","","","","","","-969,265.26","-11,298.51","-2,224,464.64","1,023,755.33","-100,734.98","1,762,202.54","236,609.95","-111,637.26","-2,644.18","36,961.17","135,317.01","28,815.73","0.00"
"קוד מיון","300","ספקים","300","","",,,,,,,,,,,,,
"","","","","20000","בזק",484.60,-484.60,396.19,0.00,-21.23,-374.96,0.00,0.00,0.00,0.00,0.00,0.00,0.00
"","","","","20010","פנגו",388.68,-388.68,0.00,0.00,0.00,0.00,0.00,-5.00,5.00,0.00,-21.00,52.00,0.00
"","","","","20011","כביש 6",163.98,-163.98,0.00,0.00,0.00,0.00,0.00,0.00,0.00,0.00,-76.95,0.00,0.00
"","","","","20013","תפוז שליחויות בע""מ",87007.15,-15586.23,-71420.92,57511.43,24015.95,75368.28,-3147.06,-52085.11,-44981.01,-19904.24,18073.27,0.00,0.00
"","","","","20029","וויקום מובייל בע""מ",0.00,0.00,0.00,0.00,0.00,0.00,0.00,0.00,32.90,-32.90,0.00,0.00,0.00
"","","","","20035","פלאנט שילוח ולוגיסטיקה בע""מ",864.96,4250.79,-31204.29,158.19,2394.98,-4673.14,25937.11,2139.25,749.68,421.63,6699.03,-39152.59,0.00
"","","","","20041","הוט HOT",69.90,-69.90,0.00,0.00,0.00,0.00,0.00,0.00,0.00,0.00,0.00,0.00,0.00
"","","","","20042","Google",3194.06,-3194.06,1468.62,-56.76,-88.63,-11.03,-48.04,104.52,0.46,36.08,-84.93,-45396.22,0.00
"","","","","20044","שנטי גדרון",0.00,0.00,0.00,0.00,293.00,0.00,0.00,0.00,0.00,0.00,0.00,-2392.00,0.00
"","","","","20104","Shopify International Limited",0.00,0.00,0.00,0.00,0.00,0.00,0.00,0.00,0.00,0.00,0.00,-10329.14,0.00
"","","","","20128","שביט וזהו בע""מ",0.00,0.00,-15340.00,15340.00,0.00,0.00,0.00,0.00,0.00,0.00,0.00,0.00,0.00
"","","","","20145","רעות תקני לי",0.00,0.00,0.00,0.00,0.00,0.00,0.00,-33733.37,33733.37,0.00,0.00,0.00,0.00
"","","","","20176","TikTok",0.00,0.00,0.00,0.00,0.00,0.00,0.00,0.00,0.00,0.00,0.00,-3927.49,0.00
"","","","","20179","גט טקסי",0.00,0.00,0.00,0.00,0.00,0.00,0.00,0.00,0.00,0.00,0.00,-76.41,0.00
"","","","","20186","מיכפל ",0.00,0.00,0.00,0.00,0.00,0.00,0.00,-708.00,708.00,0.00,0.00,0.00,0.00
"","","","","20187","חשבשבת",249.00,0.00,260.00,-261.00,0.00,0.00,0.00,1.00,0.00,0.00,-268.00,0.00,0.00
"","","","","30066","מאמאצחיק",0.00,0.00,0.00,0.00,0.00,0.00,0.00,0.00,0.00,0.00,-35900.00,0.00,0.00
"","","","","30068","META/ פייסבוק",0.00,0.00,0.00,0.00,0.00,0.00,0.00,0.00,-1175.08,1175.08,0.00,-69946.89,0.00
"","","","","30345","וויסל סחר בע""מ",1413.00,-561.00,400.00,794.00,7.00,2081.00,738.00,-2937.00,-683.00,513.00,-652.00,0.00,0.00
"","","","","30452","סטודנט גרופ ס.ג בע""מ",0.00,0.00,0.00,0.00,0.00,2229.00,-673.00,-1556.00,0.00,0.00,0.00,1385.00,0.00
"","","","","30658","MONDAY COM",0.00,0.00,0.00,0.00,0.00,0.00,0.00,-11348.85,986.86,986.86,986.86,986.86,7401.41
"","","","","30659","איי פקט בע""מ-תוכנת ביזיבוקס",0.00,0.00,0.00,0.00,0.00,0.00,0.00,0.00,0.00,0.00,0.00,-193.52,0.00
"","","","","30666","טריידאנט שרותי מסחר אלקטרוני בע""מ",595.39,1.19,-291.96,87.45,0.00,208.91,-0.60,0.60,0.81,1.42,-1.22,0.00,0.00
"","","","","30677","ליסקאר",0.00,0.00,0.00,0.00,4914.12,-4691.52,-73.92,-148.68,0.00,36.78,-36.78,0.00,0.00
"","","","","30684","הדיה בע""מ",3604.00,-3604.00,0.00,0.00,0.00,0.00,0.00,0.00,0.00,0.00,0.00,0.00,0.00
"","","","","30693","פלאקסי ישראל בע""מ (לשעבר סודקסו)",1385.00,37.00,-3.00,6.00,-2.00,-822.00,824.00,-4.00,3.00,-12.00,12.00,-823.00,0.00
"","","","","30697","תדלק וסע בע""מ",0.00,0.00,0.00,0.00,0.00,0.00,0.00,0.00,0.00,0.01,-0.01,0.00,0.00
"","","","","30707","פלאפון תקשורת בע""מ",469.34,-261.65,0.00,120.50,0.00,0.00,0.00,0.00,0.00,0.00,0.00,120.50,0.00
"","","","","30710","גולדנטק מערכות מידע בע""מ - goods",0.00,-16726.50,16726.50,0.00,16726.50,-16726.50,0.00,0.00,0.00,0.00,0.00,0.00,0.00
"","","","","30713","ת.מ.י.ר תאגיד מיחזור יצרנים בישראל בע""מ",-168.00,0.00,0.00,0.00,65.00,154.00,-205.00,150.00,0.00,0.00,0.00,0.00,0.00
"","","","","30775","אף אן די דיגיטל - אלונה דורות בעמ והדר פרידמן בעמ",0.00,0.00,8260.00,0.00,0.00,0.00,0.00,0.00,0.00,0.00,-8260.00,-8260.00,0.00
"","","","","30776","B.M.A Trigalo הובלות ולוגיסטיקה",0.00,0.00,-1121.00,0.00,1121.00,0.00,0.00,0.00,0.00,0.00,0.00,0.00,0.00
"","","","","30777","ענק הארגזים",0.00,-6516.00,6516.00,0.00,0.00,0.00,0.00,0.00,0.00,0.00,0.00,0.00,0.00
"","","","","30779","דין דיאגנוסטיקה בעמ",0.00,0.00,1935.20,0.00,-1935.20,0.00,0.00,0.00,0.00,0.00,0.00,0.00,0.00
"","","","","30780","ענבר בן חור",0.00,0.00,379.96,-379.96,0.00,0.00,0.00,0.00,0.00,0.00,0.00,0.00,0.00
"","","","","30781","כרמל גילן- לעדכן",0.00,0.00,2242.00,-2242.00,0.00,0.00,0.00,0.00,0.00,0.00,0.00,0.00,0.00
"","","","","30782","ליתאי ניהול שירותים בע""מ",0.00,0.00,0.00,90.00,-90.00,0.00,0.00,0.00,0.00,0.00,0.00,-7670.00,0.00
"","","","","30783","איי טי אם מודלס  בעמ",0.00,0.00,0.00,0.00,0.00,0.00,0.00,0.00,0.00,-17596.00,-22310.40,-4015.83,0.00
"","","","","30787","להב פיתוח מנהלים בע""מ",0.00,0.00,0.00,-7552.00,0.00,1770.00,-1770.00,0.00,0.00,0.00,0.00,0.00,0.00
"","","","","30789","פזמ שיווק ופרסום בע""מ",0.00,0.00,0.00,0.00,0.00,47200.00,0.00,-47200.00,0.00,0.00,0.00,0.00,0.00
"","","","","30791","סיגל כהן [פטור]",0.00,0.00,0.00,0.00,0.00,787.50,-787.50,0.00,0.00,0.00,0.00,0.00,0.00
"","","","","30795","אותנטיק קריאייטיב בע""מ",0.00,0.00,5900.00,0.00,0.00,0.00,0.00,-5900.00,0.00,0.00,0.00,0.00,0.00
"","","","","30800","שירי פדלון מילר",0.00,0.00,0.00,0.00,0.00,0.00,0.00,0.00,0.00,0.00,5775.88,-5775.88,0.00
"","","","","30803","DONE- קלין בוקס בעמ",0.00,0.00,0.00,0.00,0.00,0.00,0.00,964.00,-964.00,0.00,0.00,3070.36,0.00
"","","","","30804","צוקרמן יפה",0.00,0.00,0.00,0.00,0.00,0.00,0.00,0.00,0.00,0.00,-6001.99,-7597.50,0.00
"","","","","37044","אלי אדרי",2574.00,-1571.00,-1003.00,1121.00,-295.00,-826.00,0.00,0.00,0.00,0.00,0.00,0.00,0.00
"","","","","37068","פולסים בע""מ -50012-הוצ' אימייל מרקטינג",0.00,-1461.89,728.12,733.77,0.00,0.00,0.00,0.00,0.00,0.00,0.00,0.00,0.00
"","","","","37095","ADOBE- ספקי אינטרנט 80038",0.00,0.00,0.00,0.00,0.00,0.00,0.00,0.00,0.00,0.00,0.00,-205.00,0.00
"","","","","37099","ד.מ פוסט בע""מ",0.00,0.00,2477.40,0.00,-2477.40,0.00,0.00,0.00,0.00,0.00,0.00,0.00,0.00
"","","","","37136","אורגן קרגו - אלינער פרידן בע""מ",-1482.00,0.00,1482.00,0.00,0.00,0.00,0.00,0.00,0.00,0.00,0.00,0.00,0.00
"","","","","37138","פספורטכארד",265.72,-265.72,0.00,0.00,0.00,0.00,0.00,0.00,0.00,0.00,0.00,0.00,0.00
"","","","","37140","80021   -FIGMA",0.00,0.00,17.82,-17.82,0.00,0.00,0.00,0.00,0.00,0.00,0.00,-49.93,0.00
"","","","","37141","טיולי הגשר לעולם בע""מ",3455.00,-3455.00,0.00,0.00,0.00,0.00,0.00,0.00,0.00,0.00,0.00,0.00,0.00
"","","","","37145","קסקס שירן - ענק הארגזים",0.00,3330.00,-3330.00,0.00,0.00,0.00,0.00,0.00,0.00,0.00,0.00,0.00,0.00
"","","","","37150","טמל מערכות מידע בעמ",0.00,0.00,0.00,0.00,0.00,0.03,-0.03,0.00,0.00,0.00,0.00,0.00,0.00
"","","","","37153","פלאשיאפ בע""מ -FLASHY",0.00,0.00,0.00,0.00,0.00,0.00,0.00,0.00,0.00,-10177.38,-221.64,-3681.94,0.00
"","","","","37155","ההסתדרות הרפואית",0.00,0.00,0.00,0.00,0.00,0.00,0.00,0.00,0.00,0.00,0.00,-2000.00,0.00
"","","","","37999","ספקים לשלם +לקבל חשבונית",0.00,298049.14,87938.69,-527413.85,-35346.71,127310.32,29996.41,-82534.16,-40585.58,5379.20,293099.44,-102575.13,5999.56
"סה""כ קוד מיון","300","ספקים","300","","",,,,,,,,,,,,,
"","","","","","","104,533.78","251,357.91","13,414.33","-461,961.05","9,281.38","228,983.89","50,790.37","-234,800.80","-52,168.59","-39,172.46","250,811.56","-308,453.75","13,400.97"
"קוד מיון","301","ספקי חו""ל","301","","",,,,,,,,,,,,,
"","","","","25000","MODIBODI PTY LTD",2103425.42,-428118.00,-426946.36,-269008.90,18461.75,212781.09,-589237.94,-199533.40,3511.22,117955.86,-57300.96,-251643.37,0.00
"","","","","25001","מקדמות לספק אוסטרליה 2024",0.00,36812.77,0.00,0.00,0.00,0.00,0.00,0.00,0.00,0.00,0.00,0.00,0.00
"","","","","25002","Modibodi UK Ltd",0.00,0.00,0.00,0.00,0.00,9876.07,0.00,0.00,0.00,0.00,0.00,0.00,0.00
"","","","","30794","VariantNow, Inc- הוצ' אתר",0.00,0.00,0.00,0.00,0.00,0.00,0.00,-48.13,-1752.39,-1716.37,-52.32,-47.56,0.00
"","","","","37081","CLEMENTINE & SUNS PTE . LTD ./ YAARA",0.00,0.00,0.00,0.00,0.00,0.00,0.00,0.00,7200.00,-7200.00,0.00,8184.54,0.00
"סה""כ קוד מיון","301","ספקי חו""ל","301","","",,,,,,,,,,,,,
"","","","","","","2,103,425.42","-391,305.23","-426,946.36","-269,008.90","18,461.75","222,657.16","-589,237.94","-199,581.53","8,958.83","109,039.49","-57,353.28","-243,506.39","0.00"
"קוד מיון","302","הוצ' חתך","302","","",,,,,,,,,,,,,
"","","","","70018","הוצאות מראש",-22639.34,18284.34,0.00,0.00,0.00,0.00,0.00,0.00,0.00,0.00,-10124.48,0.00,-6414.55
"","","","","70019","הוצאות לשלם",16897.48,-11067.94,-5829.54,0.00,0.00,0.00,0.00,0.00,0.00,0.00,0.00,0.00,0.00
"סה""כ קוד מיון","302","הוצ' חתך","302","","",,,,,,,,,,,,,
"","","","","","","-5,741.86","7,216.40","-5,829.54","0.00","0.00","0.00","0.00","0.00","0.00","0.00","-10,124.48","0.00","-6,414.55"
"סה""כ קוד מיון ","30*","","","","",,,,,,,,,,,,,
"","","","","","","2,202,217.34","-132,730.92","-419,361.57","-730,969.95","27,743.13","451,641.05","-538,447.57","-434,382.33","-43,209.76","69,867.03","183,333.80","-551,960.14","6,986.42"
"קוד מיון","350","חו""ז קופות גמל","350","","",,,,,,,,,,,,,
"","","","","20015","אלטשולר שחם פנסיה מקיפה",8332.00,-8332.00,0.00,0.00,0.00,0.00,0.00,0.00,0.00,0.00,0.00,0.00,0.00
"","","","","20113","כלל פנסיה וגמל",2456.30,-2456.30,0.00,0.00,0.00,0.00,0.00,0.00,0.00,0.00,0.00,0.00,0.00
"","","","","36025","מגדל מקפת",3749.40,-3749.40,0.00,0.00,0.00,0.00,0.00,0.00,0.00,0.00,0.00,0.00,0.00
"","","","","36031","הראל גלעד פנסיה",4694.34,-4694.34,0.00,0.00,0.00,0.00,0.00,0.00,0.00,0.00,0.00,0.00,0.00
"","","","","36037","מנורה מבטחים החדשה",1276.38,-1276.38,0.00,0.00,0.00,0.00,0.00,0.00,0.00,0.00,0.00,0.00,0.00
"","","","","36038","הפניקס פנסיה מקיפה",1133.99,-1133.99,0.00,0.00,0.00,0.00,0.00,0.00,0.00,0.00,0.00,0.00,0.00
"","","","","36039","איילון מיטב פנסיה מקיפה",1528.70,-1528.70,0.00,0.00,0.00,0.00,0.00,0.00,0.00,0.00,0.00,0.00,0.00
"","","","","36057","מור קרן השתלמות",1200.00,-1200.00,0.00,0.00,0.00,0.00,0.00,0.00,0.00,0.00,0.00,0.00,0.00
"","","","","36058","ילין לפידות קרן השתלמות",1100.00,-1100.00,0.00,0.00,0.00,0.00,0.00,0.00,0.00,0.00,0.00,0.00,0.00
"","","","","36059","אנליסט קרן השתלמות כללי",1571.20,-1571.20,0.00,0.00,0.00,0.00,0.00,0.00,0.00,0.00,0.00,0.00,0.00
"","","","","36060","מיטב דש השתלמות",1571.20,-1571.20,0.00,0.00,0.00,0.00,0.00,0.00,0.00,0.00,0.00,0.00,0.00
"","","","","36061","מור פנסיה מקיפה",1195.96,-1195.96,0.00,0.00,0.00,0.00,0.00,0.00,0.00,0.00,0.00,0.00,0.00
"","","","","36092","מגדל מנהלים",1993.87,-1993.87,0.00,0.00,0.00,0.00,0.00,0.00,0.00,0.00,0.00,0.00,0.00
"","","","","37078","קופות גמל חו""ז",9215.00,22909.00,-1249.00,1660.00,613.00,32828.00,211.00,8482.00,-3621.00,879.00,981.00,-29126.00,0.00
"סה""כ קוד מיון","350","חו""ז קופות גמל","350","","",,,,,,,,,,,,,
"","","","","","","41,018.34","-8,894.34","-1,249.00","1,660.00","613.00","32,828.00","211.00","8,482.00","-3,621.00","879.00","981.00","-29,126.00","0.00"
"קוד מיון","351","","351","","",,,,,,,,,,,,,
"","","","","35003","ארלין רוטנברג",0.00,0.00,0.00,0.00,0.00,0.00,0.00,0.00,0.00,0.00,0.00,-511794.00,0.00
"סה""כ קוד מיון","351","","351","","",,,,,,,,,,,,,
"","","","","","","0.00","0.00","0.00","0.00","0.00","0.00","0.00","0.00","0.00","0.00","0.00","-511,794.00","0.00"
"סה""כ קוד מיון ","35*","","","","",,,,,,,,,,,,,
"","","","","","","41,018.34","-8,894.34","-1,249.00","1,660.00","613.00","32,828.00","211.00","8,482.00","-3,621.00","879.00","981.00","-540,920.00","0.00"
"קוד מיון","360","חו""ז עובדים","360","","",,,,,,,,,,,,,
"","","","","36000","חן תמיר - חו""ז משכורת",17618.00,-17618.00,0.00,0.00,0.00,0.00,0.00,0.00,-29.24,-29.36,-29.55,-29.38,0.00
"","","","","36001","איתמר נבו - חו""ז משכורת",17497.00,-17497.00,0.00,0.00,0.00,0.00,0.00,0.00,0.00,0.00,0.00,0.00,0.00
"","","","","36002","בתאל אלון - חו""ז משכורת",-466.00,0.00,0.00,0.00,0.00,0.00,0.00,0.00,0.00,0.00,0.00,0.00,466.00
"","","","","36004","אפרת ברקאי - חו""ז משכורת",10300.00,-10300.00,0.00,0.00,0.00,0.00,0.00,-106.00,-76.00,0.00,-177.00,0.00,0.00
"","","","","36018","רוני רשף - חו""ז משכורת",11612.00,-11612.00,0.00,0.00,0.00,0.00,0.00,-483.00,-654.00,-113.00,-388.00,0.00,0.00
"","","","","36023","ברקוביץ טלי",176.00,0.00,0.00,0.00,0.00,0.00,0.00,0.00,0.00,0.00,0.00,0.00,0.00
"","","","","36034","מיכל וויגרט פרץ - חו""ז משכורת",8600.00,-8600.00,0.00,0.00,0.00,0.00,0.00,0.00,0.00,0.00,0.00,0.00,0.00
"","","","","36042","דרור אזולאי - חו""ז משכורת",12897.00,-12897.00,0.00,0.00,0.00,0.00,0.00,-332.00,-240.00,-201.00,-276.00,0.00,0.00
"","","","","36043","לירון רומה - חו""ז משכורת",6084.00,-6084.00,0.00,0.00,0.00,0.00,0.00,0.00,0.00,0.00,0.00,0.00,0.00
"","","","","36052","רעות עמבר - חו""ז משכורת",8754.00,-8754.00,0.00,0.00,0.00,0.00,0.00,0.00,0.00,0.00,0.00,0.00,0.00
"","","","","36055","מיכל חובבי ציון - חו""ז משכורת",5456.00,-5456.00,0.00,0.00,0.00,0.00,0.00,0.00,0.00,-42.00,-42.00,0.00,0.00
"","","","","36075","דודו מרטו - חו""ז משכורת",8872.00,-8872.00,0.00,0.00,0.00,0.00,0.00,0.00,0.00,0.00,0.00,0.00,0.00
"","","","","37066","מיכל גל - חו""ז משכורת",8435.00,-8435.00,0.00,0.00,0.00,0.00,0.00,0.00,0.00,0.00,0.00,0.00,0.00
"","","","","37077","עובדים חו""ז",0.00,116089.00,-17826.00,6892.00,615.00,-1828.00,1973.00,6820.00,-14794.00,-1267.00,199.00,-98181.00,0.00
"סה""כ קוד מיון","360","חו""ז עובדים","360","","",,,,,,,,,,,,,
"","","","","","","115,835.00","-36.00","-17,826.00","6,892.00","615.00","-1,828.00","1,973.00","5,899.00","-15,793.24","-1,652.36","-713.55","-98,210.38","466.00"
"סה""כ קוד מיון ","3**","","","","",,,,,,,,,,,,,
"","","","","","","2,359,070.68","-141,661.26","-438,436.57","-722,417.95","28,971.13","482,641.05","-536,263.57","-420,001.33","-62,624.00","69,093.67","183,601.25","-1,191,090.52","7,452.42"
"קוד מיון","400","מע""מ","400","","",,,,,,,,,,,,,
"","","","","60000","מע""מ עסקאות",0.00,0.00,0.00,-700.06,700.06,-0.03,968.87,0.00,-968.87,-0.08,92809.73,0.00,0.00
"","","","","60001","מע""מ תשומות",-8970.41,-33049.22,27385.84,-98130.67,70172.03,19552.02,-37969.59,53553.39,-8717.65,5226.35,27227.43,-12093.94,0.00
"","","","","60002","מע""מ תשומות נכסים",0.00,0.00,0.00,0.00,0.00,-431.24,431.24,0.00,0.00,0.00,0.00,0.00,0.00
"","","","","60003","מע""מ חו""ז",-4446.44,4446.44,136929.00,-35987.00,-100427.00,-516.00,1.00,27025.00,-10650.00,11006.00,-28381.00,0.00,0.00
"","","","","60006","מע""מ תשומות יבוא",0.00,-77460.00,77460.00,-22797.00,-42830.00,22236.00,17459.00,0.00,0.00,0.00,-38540.00,-22797.00,0.00
"סה""כ קוד מיון","400","מע""מ","400","","",,,,,,,,,,,,,
"","","","","","","-13,416.85","-106,062.78","241,774.84","-157,614.73","-72,384.91","40,840.75","-19,109.48","80,578.39","-20,336.52","16,232.27","53,116.16","-34,890.94","0.00"
"קוד מיון","401","מס הכנסה חברה","401","","",,,,,,,,,,,,,
"","","","","70001","מס הכנסה חברה",-262976.00,0.00,0.00,0.00,0.00,0.00,0.00,0.00,0.00,0.00,0.00,0.00,0.00
"","","","","70024","מס הכנסה מקדמות 2023",6941.00,0.00,0.00,0.00,0.00,0.00,0.00,0.00,0.00,0.00,0.00,0.00,0.00
"","","","","70025","מס הכנסה מקדמות 2024",-191076.00,0.00,0.00,0.00,0.00,0.00,0.00,0.00,0.00,0.00,0.00,0.00,0.00
"","","","","70026","החזר ממס הכנסה התקבל 2024",292387.00,0.00,0.00,0.00,0.00,0.00,0.00,0.00,0.00,0.00,0.00,0.00,0.00
"סה""כ קוד מיון","401","מס הכנסה חברה","401","","",,,,,,,,,,,,,
"","","","","","","-154,724.00","0.00","0.00","0.00","0.00","0.00","0.00","0.00","0.00","0.00","0.00","0.00","0.00"
"קוד מיון","402","חו""ז מוסדות שכ""ע","402","","",,,,,,,,,,,,,
"","","","","60004","מס הכנסה ניכויים",23013.00,-10025.00,21.00,-309.00,13120.00,-306.00,505.00,3365.00,-17339.00,720.00,-135.00,-12971.00,0.00
"","","","","60005","ביטוח לאומי ניכויים",20210.00,1208.00,-2260.00,1398.00,742.00,-919.00,574.00,2086.00,-4132.00,1423.00,-398.00,-19888.00,0.00
"סה""כ קוד מיון","402","חו""ז מוסדות שכ""ע","402","","",,,,,,,,,,,,,
"","","","","","","43,223.00","-8,817.00","-2,239.00","1,089.00","13,862.00","-1,225.00","1,079.00","5,451.00","-21,471.00","2,143.00","-533.00","-32,859.00","0.00"
"סה""כ קוד מיון ","40*","","","","",,,,,,,,,,,,,
"","","","","","","-124,917.85","-114,879.78","239,535.84","-156,525.73","-58,522.91","39,615.75","-18,030.48","86,029.39","-41,807.52","18,375.27","52,583.16","-67,749.94","0.00"
"קוד מיון","430","בעלי מניות","430","","",,,,,,,,,,,,,
"","","","","35000","בעלים - חן רחל תמיר (מודיבודי ע.מ.)",377784.48,0.00,0.00,-91.99,-28.79,0.00,-103.90,-74.44,-74.66,-74.95,-75.45,-75.02,0.00
"","","","","35002","בעלים - חו""ז הלוואת בעלים",586280.02,340850.23,219910.47,0.00,-73.50,0.00,0.00,-29.16,0.00,0.00,0.00,0.00,0.00
"סה""כ קוד מיון","430","בעלי מניות","430","","",,,,,,,,,,,,,
"","","","","","","964,064.50","340,850.23","219,910.47","-91.99","-102.29","0.00","-103.90","-103.60","-74.66","-74.95","-75.45","-75.02","0.00"
"קוד מיון","431","צדדים קשורים","431","","",,,,,,,,,,,,,
"","","","","10018","גיי סקורק, ארלין עבור:LOAN מח-ן:059488074",0.00,0.00,500000.00,0.00,0.00,0.00,0.00,0.00,0.00,0.00,0.00,0.00,0.00
"","","","","35001","א.י. נבו חברה קבלנית בנתניה",2500000.00,0.00,0.00,0.00,0.00,0.00,0.00,0.00,61962.00,-2691462.00,0.00,-62000.00,0.00
"","","","","35004","איציק נבו בע""מ",0.00,300000.00,0.00,0.00,0.00,0.00,0.00,0.00,0.00,2562000.00,0.00,0.00,0.00
"סה""כ קוד מיון","431","צדדים קשורים","431","","",,,,,,,,,,,,,
"","","","","","","2,500,000.00","300,000.00","500,000.00","0.00","0.00","0.00","0.00","0.00","61,962.00","-129,462.00","0.00","-62,000.00","0.00"
"סה""כ קוד מיון ","43*","","","","",,,,,,,,,,,,,
"","","","","","","3,464,064.50","640,850.23","719,910.47","-91.99","-102.29","0.00","-103.90","-103.60","61,887.34","-129,536.95","-75.45","-62,075.02","0.00"
"סה""כ קוד מיון ","4**","","","","",,,,,,,,,,,,,
"","","","","","","3,339,146.65","525,970.45","959,446.31","-156,617.72","-58,625.20","39,615.75","-18,134.38","85,925.79","20,079.82","-111,161.68","52,507.71","-129,824.96","0.00"
"קוד מיון","500","רכוש קבוע","500","","",,,,,,,,,,,,,
"","","","","45011","הקמת אתר אינטנט",-36462.00,0.00,0.00,0.00,0.00,0.00,0.00,0.00,0.00,0.00,0.00,0.00,0.00
"","","","","80001","ציוד וריהוט רכוש קבוע",-59732.75,0.00,0.00,0.00,0.00,-2395.76,0.00,0.00,0.00,0.00,0.00,0.00,0.00
"","","","","80002","מחשבים",-60180.91,0.00,-2311.02,0.00,0.00,0.00,0.00,0.00,0.00,-1057.63,0.00,0.00,0.00
"","","","","80004","פחת נצבר מחשבים",62668.00,0.00,0.00,0.00,0.00,0.00,0.00,0.00,0.00,0.00,0.00,0.00,0.00
"","","","","80005","פחת נצבר ציוד וריהוט",8740.00,0.00,0.00,0.00,0.00,0.00,0.00,0.00,0.00,0.00,0.00,0.00,0.00
"סה""כ קוד מיון","500","רכוש קבוע","500","","",,,,,,,,,,,,,
"","","","","","","-84,967.66","0.00","-2,311.02","0.00","0.00","-2,395.76","0.00","0.00","0.00","-1,057.63","0.00","0.00","0.00"
"קוד מיון","510","מלאי","510","","",,,,,,,,,,,,,
"","","","","85000","מלאי מאזן",-5323361.71,0.00,0.00,0.00,0.00,0.00,0.00,0.00,0.00,0.00,0.00,0.00,0.00
"סה""כ קוד מיון","510","מלאי","510","","",,,,,,,,,,,,,
"","","","","","","-5,323,361.71","0.00","0.00","0.00","0.00","0.00","0.00","0.00","0.00","0.00","0.00","0.00","0.00"
"קוד מיון","550","פנוי 2","550","","",,,,,,,,,,,,,
"","","","","55003","ריבית מוסדות",-841.00,-16.12,0.00,-195.00,0.00,-28.93,0.00,0.00,0.00,0.00,0.00,0.00,0.00
"","","","","86000","הון מניות",100.00,0.00,0.00,0.00,0.00,0.00,0.00,0.00,0.00,0.00,0.00,0.00,0.00
"סה""כ קוד מיון","550","פנוי 2","550","","",,,,,,,,,,,,,
"","","","","","","-741.00","-16.12","0.00","-195.00","0.00","-28.93","0.00","0.00","0.00","0.00","0.00","0.00","0.00"
"קוד מיון","560","עודפים","560","","",,,,,,,,,,,,,
"","","","","90000","עודפים",1941969.90,0.00,0.00,0.00,0.00,0.00,0.00,0.00,0.00,0.00,0.00,0.00,0.00
"סה""כ קוד מיון","560","עודפים","560","","",,,,,,,,,,,,,
"","","","","","","1,941,969.90","0.00","0.00","0.00","0.00","0.00","0.00","0.00","0.00","0.00","0.00","0.00","0.00"
"סה""כ קוד מיון ","5**","","","","",,,,,,,,,,,,,
"","","","","","","-3,467,100.47","-16.12","-2,311.02","-195.00","0.00","-2,424.69","0.00","0.00","0.00","-1,057.63","0.00","0.00","0.00"
"קוד מיון","600","הכנסות","600","","",,,,,,,,,,,,,
"","","","","40000","הכנסות",11254136.78,370732.80,369800.98,384155.67,620942.92,654605.98,753868.20,667496.76,402303.20,647470.04,391150.51,0.00,0.00
"","","","","40001","הכנסות פטורות",11043.42,0.00,0.00,0.00,0.00,550.08,704.50,350.56,1033.60,0.00,0.00,0.00,0.00
"","","","","40002","זיכויים ללקוחות",0.00,0.00,0.00,0.00,0.00,0.00,-88360.00,0.00,0.00,0.00,0.00,0.00,0.00
"","","","","40003","זיכויים והנחות ללקוחות",0.00,0.00,0.00,0.00,3889.20,0.00,0.00,0.00,0.00,0.00,0.00,0.00,0.00
"","","","","40010","הכנסות מטרמינל X",0.00,0.00,0.00,0.00,0.00,15759.60,0.00,0.00,0.00,0.00,0.00,0.00,0.00
"","","","","40020","מכירות סופרפארם",0.00,162583.20,1957758.36,318735.84,130485.48,55334.16,179420.40,247403.76,109603.68,0.00,124465.20,0.00,0.00
"","","","","40021","זיכוים והנחות סופרפארם",0.00,-81603.60,-2477.40,-3889.20,2477.40,0.00,0.00,0.00,-10054.88,0.00,0.00,0.00,0.00
"","","","","40022","הוצ' חיובים סופרפארם",0.00,0.00,3688.80,5526.60,840.00,0.00,0.00,0.00,0.00,0.00,0.00,0.00,0.00
"סה""כ קוד מיון","600","הכנסות","600","","",,,,,,,,,,,,,
"","","","","","","11,265,180.20","451,712.40","2,328,770.74","704,528.91","758,635.00","726,249.82","845,633.10","915,251.08","502,885.60","647,470.04","515,615.71","0.00","0.00"
"קוד מיון","800","עלות המכר","800","","",,,,,,,,,,,,,
"","","","","45000","קניית מלאי סופר פארם",-807989.27,0.00,0.00,0.00,0.00,0.00,0.00,0.00,0.00,-128722.22,0.00,0.00,0.00
"","","","","45001","הוצאות קניות מוצרים",-8329.27,0.00,-328.00,0.00,0.00,0.00,0.00,0.00,0.00,-15782.83,0.00,0.00,0.00
"","","","","45002","קניות מוצרים-יבוא",-5403203.08,-355329.39,-231963.07,-209732.61,-273464.48,-461096.81,-207046.57,-189209.69,-164831.32,0.00,0.00,0.00,0.00
"","","","","45003","הוצאות יבוא סחורות",-335514.41,-60336.14,-35041.11,-29408.00,-13189.40,-12992.59,-2491.65,-28519.34,-18299.99,-89.00,7583.00,0.00,0.00
"","","","","45006","עלות מכר מלאי סגירה",1796064.71,0.00,0.00,0.00,0.00,0.00,0.00,0.00,0.00,0.00,0.00,0.00,0.00
"סה""כ קוד מיון","800","עלות המכר","800","","",,,,,,,,,,,,,
"","","","","","","-4,758,971.32","-415,665.53","-267,332.18","-239,140.61","-286,653.88","-474,089.40","-209,538.22","-217,729.03","-183,131.31","-144,594.05","7,583.00","0.00","0.00"
"קוד מיון","801","מכירות","801","","",,,,,,,,,,,,,
"","","","","50004","הוצאות נסיעות מחלקת סיטונאות",-11279.37,-570.46,-1309.25,-161.94,-1284.26,-1096.28,-512.16,-740.96,-838.64,-654.86,-549.21,-190.68,0.00
"","","","","50015","הוצאות אחזקת אתר אינטרנט",-48293.92,-10009.66,-10225.89,-9744.29,-10698.39,-11056.94,-10273.59,-10361.67,-9587.14,-9387.95,-9188.68,0.00,0.00
"","","","","50022","הוצאות רכב",-1709.40,0.00,0.00,0.00,0.00,0.00,0.00,0.00,0.00,0.00,0.00,0.00,0.00
"","","","","55004","80101+2הוצאות עמלות מכירה  ביי מי, וויסל- עד 2024",-93827.83,0.00,0.00,0.00,0.00,0.00,0.00,0.00,0.00,0.00,-943.22,0.00,0.00
"","","","","80010","הוצאות שרות לקוחות",-29088.51,-111.05,-101.89,-37.86,-73.64,-51.19,-44.20,0.00,-84.33,-150.20,-109.04,-48.89,0.00
"","","","","80022","הוצאות ארוחות לעובדים",-8273.44,-615.50,-1183.00,-824.00,-822.00,-823.00,-984.90,-920.00,-823.00,-1523.80,-823.00,0.00,0.00
"","","","","80038","הוצאות ספקי אתר",-79952.89,-8069.63,-3411.57,-3578.53,-5690.47,-5824.86,-7121.51,-526.66,-6553.51,-4339.08,-4678.78,-3454.14,0.00
"","","","","80100","הוצאות ליסינג רכב דרור",-87675.96,-6661.91,-6006.57,-6691.19,-8733.53,-6710.19,-7237.72,-6627.52,-6739.72,-6601.61,-6739.93,-4876.33,0.00
"","","","","80101","הוצ' מכירה- ביימי עמלות",-13982.71,-2326.64,803.08,-2085.20,-5824.63,-3175.44,-4071.85,-3920.24,-2217.17,-3637.34,0.00,0.00,0.00
"","","","","80102","הוצ' מכירה- וויסל",0.00,-722.03,-1061.02,-672.88,-1739.83,-1763.56,-2365.25,-1639.83,-1061.02,-1495.76,0.00,0.00,0.00
"","","","","81206","הוצאות פיתוח אתר",-9751.29,0.00,0.00,0.00,0.00,0.00,0.00,0.00,0.00,0.00,0.00,0.00,0.00
"סה""כ קוד מיון","801","מכירות","801","","",,,,,,,,,,,,,
"","","","","","","-383,835.32","-29,086.88","-22,496.11","-23,795.89","-34,866.75","-30,501.46","-32,611.18","-24,736.88","-27,904.53","-27,790.60","-23,031.86","-8,570.04","0.00"
"קוד מיון","802","משרד","802","","",,,,,,,,,,,,,
"","","","","50000","הוצאות טלפון ואינטרנט",-4349.01,-860.78,-335.75,-402.71,-838.11,-418.52,-66.96,-1093.44,-99.86,-1278.57,-494.62,102.12,0.00
"","","","","50001","הוצאות משרדיות",-8304.52,-182.20,-609.51,-861.99,0.00,0.00,0.00,0.00,-562.00,-859.77,0.00,0.00,0.00
"","","","","50002","הוצאות אחזקה",-1636.39,0.00,0.00,-185.00,0.00,0.00,0.00,0.00,0.00,-180.00,0.00,0.00,0.00
"","","","","50003","הוצאות כיבודים",-27275.88,-2245.00,-1079.57,-541.70,-557.02,-547.00,-640.00,0.00,0.00,0.00,0.00,-242.00,0.00
"","","","","50005","הוצאות סלולר",-2804.40,-29.90,-437.44,-88.83,-148.38,-150.38,-148.38,0.00,-209.60,0.00,-148.88,-102.12,0.00
"","","","","50009","הוצאות הנהלת חשבונות וביקורת",-22000.00,-2100.00,-4500.00,-6900.00,-6600.00,-7125.42,-3937.29,-7405.08,-16522.03,-6500.00,-7200.00,0.00,0.00
"","","","","50010","הוצאות משפטיות",-10900.00,0.00,0.00,0.00,0.00,0.00,0.00,0.00,0.00,0.00,0.00,0.00,0.00
"","","","","50017","הוצאות יעוץ עסקי",-184413.52,-10000.00,-2500.00,-3000.00,-3000.00,-3000.00,-3000.00,-3000.00,-6000.00,-3000.00,-3000.00,0.00,0.00
"","","","","50018","הוצאות אחזקת מחשבים",-226.20,0.00,0.00,0.00,0.00,-1275.22,-1050.00,0.00,-1369.14,-202.54,0.00,0.00,0.00
"","","","","50020","הוצאות מתנות",-12391.75,0.00,-400.00,0.00,-3401.72,0.00,0.00,-134.00,-300.00,-3878.72,0.00,0.00,0.00
"","","","","50021","אגרות",-1675.00,-1306.00,0.00,0.00,0.00,0.00,0.00,0.00,0.00,0.00,0.00,0.00,0.00
"","","","","50024","ביטוחים",-21965.66,-1945.67,-1945.67,-1945.67,-1945.67,-1945.67,-1945.67,-1945.67,-1945.70,-906.34,-1222.74,-2162.83,-1256.56
"","","","","50026","הוצאות שירותי תוכנה",-28727.20,-941.80,-4319.26,-2333.93,-2594.64,-1306.17,-2209.11,-2547.25,-1666.22,-2171.31,-1984.19,-412.40,0.00
"","","","","50028","הוצאות הובלה",0.00,-2246.15,-322.00,-950.00,-1650.00,0.00,0.00,-1600.00,0.00,-700.00,-850.00,0.00,0.00
"","","","","50036","הוצאות ניקיון",-14562.37,0.00,0.00,0.00,0.00,0.00,0.00,0.00,0.00,0.00,0.00,0.00,0.00
"","","","","50037","הוצאות תוכנות",-31054.24,-396.61,134.00,-400.00,-400.00,-400.00,-400.00,-776.62,-400.00,-625.42,-400.00,-400.00,0.00
"","","","","50042","הוצאות חניה",0.00,0.00,652.68,-652.68,0.00,0.00,0.00,0.00,0.00,0.00,0.00,0.00,0.00
"","","","","50044","הוצאות אירועי חברה",-1229.91,0.00,0.00,0.00,0.00,0.00,0.00,0.00,0.00,-2960.00,0.00,0.00,0.00
"","","","","80007","הוצאות ציוד אלקטרוני",-282.05,0.00,0.00,0.00,0.00,0.00,0.00,0.00,0.00,0.00,0.00,0.00,0.00
"","","","","80019","הוצאות השתלמויות וקורסים",-346.47,0.00,-7850.00,-6400.00,0.00,-1500.00,0.00,0.00,0.00,0.00,0.00,0.00,0.00
"","","","","80030","הוצ נסיעה לחו""ל 19.01-23.01.24",-13019.39,-1061.93,0.00,0.00,0.00,0.00,0.00,0.00,0.00,0.00,0.00,0.00,0.00
"","","","","80033","הוצאות הסדר משפטי ליזרוביץ",-4000.00,0.00,0.00,0.00,0.00,0.00,0.00,0.00,0.00,0.00,0.00,0.00,0.00
"","","","","81202","הוצאות נסיעות",0.00,-221.53,0.00,0.00,0.00,0.00,0.00,0.00,0.00,0.00,0.00,0.00,0.00
"סה""כ קוד מיון","802","משרד","802","","",,,,,,,,,,,,,
"","","","","","","-391,163.96","-23,537.57","-23,512.52","-24,662.51","-21,135.54","-17,668.38","-13,397.41","-18,502.06","-29,074.55","-23,262.67","-15,300.43","-3,217.23","-1,256.56"
"קוד מיון","804","שיווק סופרפארם","804","","",,,,,,,,,,,,,
"","","","","50041","הוצאות שיווק סיטונאות",-796420.46,-116065.16,-46086.75,-38427.03,-54272.69,-74686.32,-238006.49,-84321.05,-67114.00,-62033.44,-61186.48,25810.00,0.00
"","","","","80009","הוצ משלוחים סופר פארם",0.00,-21185.84,-58631.96,-9753.07,-2661.58,-2913.00,0.00,-7422.11,0.00,0.00,0.00,0.00,0.00
"סה""כ קוד מיון","804","שיווק סופרפארם","804","","",,,,,,,,,,,,,
"","","","","","","-796,420.46","-137,251.00","-104,718.71","-48,180.10","-56,934.27","-77,599.32","-238,006.49","-91,743.16","-67,114.00","-62,033.44","-61,186.48","25,810.00","0.00"
"קוד מיון","805","שיווק","805","","",,,,,,,,,,,,,
"","","","","37126","הוצאות הפקה",-800.00,-21020.00,-30900.00,-55443.20,-19543.78,-58638.15,-8000.11,-12158.78,-1247.76,-7500.00,-7500.00,0.00,0.00
"","","","","50011","הוצאות פרסום ושיווק",-32327.76,1147.03,-1064.00,-399.00,-1260.17,0.00,0.00,-1820.00,-1815.00,-7418.10,-2686.00,0.00,0.00
"","","","","50012","הוצאות אימייל מרקטינג",-93575.89,-3451.76,-4269.78,-3778.00,-8025.78,-3917.39,-4105.06,-4436.90,-3730.42,-18341.08,-8236.80,0.00,0.00
"","","","","50014","הוצאות עיצוב גרפי",-68764.00,0.00,-2000.00,0.00,0.00,0.00,0.00,0.00,0.00,0.00,0.00,0.00,0.00
"","","","","50019","הוצאות שת""פ",-225671.51,-46256.92,-18545.48,-2598.39,-4005.99,-9941.85,-14725.43,-22367.32,-20301.84,-80409.65,-4179.34,4324.94,0.00
"","","","","50023","הוצאות פרסום ושיווק תרומות",-1484.59,0.00,0.00,0.00,0.00,0.00,0.00,0.00,0.00,0.00,0.00,0.00,0.00
"","","","","80012","הוצאות פייסבוק",-827805.74,-45196.25,-43472.41,-30086.11,-35674.62,-26193.06,-40624.86,-43172.65,-26819.68,-34331.77,-38917.62,0.00,0.00
"","","","","80013","הוצאות גוגל",-234611.54,-5331.03,-15129.51,-23052.43,-27001.16,-22467.73,-26681.28,-33674.34,-22521.91,-38177.79,-25764.40,0.00,0.00
"","","","","80016","הוצאות שיווק אופליין",-230900.00,-117000.00,0.00,0.00,0.00,-105000.00,0.00,0.00,0.00,0.00,0.00,0.00,0.00
"","","","","80021","הוצאות אתר",-3230.10,-55.96,-1278.55,-38.58,-55.37,-54.77,-1797.09,-1729.28,-1702.17,-1727.06,-3651.22,-3257.50,0.00
"","","","","80032","הוצאות רטיינרים שיווק",-753348.19,-97900.00,-68000.00,-14000.00,-7000.00,-22000.00,-15000.00,-22000.00,-22000.00,-15000.00,-15000.00,0.00,0.00
"","","","","80034","הוצאות טיקטוק",-65927.62,0.00,0.00,0.00,0.00,0.00,0.00,0.00,0.00,0.00,0.00,-1688.70,0.00
"","","","","80036","הוצאות הדפסות שיווק",-5877.14,0.00,0.00,0.00,0.00,0.00,0.00,0.00,0.00,0.00,0.00,0.00,0.00
"","","","","80037","הוצאות שת""פ תרומות",-3003.28,0.00,0.00,0.00,0.00,0.00,0.00,0.00,0.00,0.00,0.00,0.00,0.00
"","","","","80040","הוצאות אופליין סיטונאות",-4200.00,0.00,0.00,0.00,0.00,0.00,0.00,0.00,0.00,0.00,0.00,0.00,0.00
"","","","","80044","הוצאות דיוור סמס",-11083.61,0.00,-2.16,2.16,0.00,0.00,0.00,0.00,0.00,0.00,0.00,0.00,0.00
"סה""כ קוד מיון","805","שיווק","805","","",,,,,,,,,,,,,
"","","","","","","-2,562,610.97","-335,064.89","-184,661.89","-129,393.55","-102,566.87","-248,212.95","-110,933.83","-141,359.27","-100,138.78","-202,905.45","-105,935.38","-621.26","0.00"
"קוד מיון","806","לוגיסטיקה","806","","",,,,,,,,,,,,,
"","","","","45010","הוצאות משלוחים והובלות",-7591.00,0.00,0.00,0.00,0.00,0.00,0.00,-964.00,0.00,-182.00,-2602.00,0.00,0.00
"","","","","50013","הוצאות משלוחים תפוז",-598239.66,-36176.20,-22961.50,-25938.50,-46291.00,-41071.42,-43624.00,-63355.50,-25236.00,-31168.00,0.00,0.00,0.00
"","","","","50016","הוצאות אריזה",-26265.85,-1615.00,-5522.03,0.00,-55.08,-130.51,0.00,-127.12,0.00,0.00,-127.12,0.00,0.00
"","","","","50040","הוצאות שכירות מחסן",-277370.00,-22800.00,-22800.00,-22800.00,-22800.00,-22800.00,-22800.00,-22800.00,-22800.00,-22800.00,-46484.33,0.00,0.00
"","","","","80041","הוצאות שירותי תוכנה לוגיסטיקה",-56700.00,-4725.00,-4725.00,-4725.00,-4725.00,-4725.00,-4725.00,-5218.42,-5711.86,-5711.86,-5711.86,-9211.86,-5711.86
"","","","","80045","הוצ' תכנון לוגיסטיות ריטיינר",0.00,-3080.00,-5071.50,-9411.50,-7175.00,-7171.50,-7560.00,-10080.00,-4585.00,-5540.50,-3500.00,3500.00,0.00
"","","","","80600","הוצ עזרה במחסן",-38484.19,-332.00,0.00,0.00,0.00,-787.50,0.00,-2264.25,-465.00,0.00,0.00,0.00,0.00
"סה""כ קוד מיון","806","לוגיסטיקה","806","","",,,,,,,,,,,,,
"","","","","","","-1,004,650.70","-68,728.20","-61,080.03","-62,875.00","-81,046.08","-76,685.93","-78,709.00","-104,809.29","-58,797.86","-65,402.36","-58,425.31","-5,711.86","-5,711.86"
"סה""כ קוד מיון ","80*","","","","",,,,,,,,,,,,,
"","","","","","","-9,897,652.73","-1,009,334.07","-663,801.44","-528,047.66","-583,203.39","-924,757.44","-683,196.13","-598,879.69","-466,161.03","-525,988.57","-256,296.46","7,689.61","-6,968.42"
"קוד מיון","810","שכר ש""ק","810","","",,,,,,,,,,,,,
"","","","","57000","הוצ' שכר סוציאליות ש""ק",-6096.00,0.00,0.00,0.00,0.00,0.00,0.00,0.00,0.00,0.00,0.00,0.00,0.00
"סה""כ קוד מיון","810","שכר ש""ק","810","","",,,,,,,,,,,,,
"","","","","","","-6,096.00","0.00","0.00","0.00","0.00","0.00","0.00","0.00","0.00","0.00","0.00","0.00","0.00"
"קוד מיון","811","הוצ שכר עבודה","811","","",,,,,,,,,,,,,
"","","","","56000","הוצאות משכורת",-1831545.53,-149860.00,-130658.00,-138082.00,-140287.00,-137181.00,-139390.00,-149364.00,-128734.00,-131260.00,-130873.00,0.00,0.00
"","","","","56001","הוצאות ביטוח לאומי",-101012.21,-9111.00,-8126.00,-8624.00,-8909.00,-8556.00,-8753.00,-9546.00,-7904.00,-8454.00,-8296.00,0.00,0.00
"","","","","56002","גמל ופיצויים",-296162.07,-18154.00,-16868.00,-17991.00,-18423.00,-18200.00,-17249.00,-17550.00,-17963.00,-18211.00,-18157.00,0.00,0.00
"","","","","56003","זקופות חובה",0.00,-4347.00,-4339.00,-4356.00,-5911.00,-4365.00,-4374.00,-4146.00,-1177.00,-6001.00,-4093.00,0.00,0.00
"","","","","56004","זקופות זכות",0.00,4347.00,4339.00,4356.00,5911.00,4365.00,4374.00,4146.00,1177.00,6001.00,4093.00,0.00,0.00
"","","","","56005","עלות הפחתה",-2690.01,0.00,0.00,0.00,0.00,0.00,0.00,-1886.00,0.00,0.00,0.00,0.00,0.00
"","","","","56006","הוצאות קרן השתלמות",0.00,-4756.00,-5110.00,-5109.00,-5109.00,-5109.00,-5109.00,-5109.00,-1959.00,-5034.00,-4712.00,0.00,0.00
"סה""כ קוד מיון","811","הוצ שכר עבודה","811","","",,,,,,,,,,,,,
"","","","","","","-2,231,409.82","-181,881.00","-160,762.00","-169,806.00","-172,728.00","-169,046.00","-170,501.00","-183,455.00","-156,560.00","-162,959.00","-162,038.00","0.00","0.00"
"קוד מיון","812","הוצאות ריטיינר","812","","",,,,,,,,,,,,,
"","","","","80015","הוצאות ספקי  סושיאל",-6105.96,0.00,0.00,0.00,0.00,0.00,0.00,0.00,0.00,0.00,0.00,0.00,0.00
"סה""כ קוד מיון","812","הוצאות ריטיינר","812","","",,,,,,,,,,,,,
"","","","","","","-6,105.96","0.00","0.00","0.00","0.00","0.00","0.00","0.00","0.00","0.00","0.00","0.00","0.00"
"קוד מיון","813","הוצאות סליקה","813","","",,,,,,,,,,,,,
"","","","","55001","עמלת סליקת כ.א",-79958.67,-4098.97,-4334.46,-3814.55,-6322.26,-3431.50,-7552.43,-8541.86,-61.39,-36.86,-10.24,-1.38,0.00
"","","","","80018","הוצ  סליקה צמרת מימונים",-53914.64,-2934.41,-2327.37,-2281.95,-4553.05,-2050.61,-15323.01,-4974.44,0.00,0.00,0.00,0.00,0.00
"סה""כ קוד מיון","813","הוצאות סליקה","813","","",,,,,,,,,,,,,
"","","","","","","-133,873.31","-7,033.38","-6,661.83","-6,096.50","-10,875.31","-5,482.11","-22,875.44","-13,516.30","-61.39","-36.86","-10.24","-1.38","0.00"
"קוד מיון","814","ריביות והצמדה רשויות","814","","",,,,,,,,,,,,,
"","","","","55013","ריביות חברות ביטוח",-114.33,0.00,0.00,0.00,0.00,0.00,0.00,0.00,0.00,0.00,0.00,0.00,0.00
"סה""כ קוד מיון","814","ריביות והצמדה רשויות","814","","",,,,,,,,,,,,,
"","","","","","","-114.33","0.00","0.00","0.00","0.00","0.00","0.00","0.00","0.00","0.00","0.00","0.00","0.00"
"סה""כ קוד מיון ","81*","","","","",,,,,,,,,,,,,
"","","","","","","-2,377,599.42","-188,914.38","-167,423.83","-175,902.50","-183,603.31","-174,528.11","-193,376.44","-196,971.30","-156,621.39","-162,995.86","-162,048.24","-1.38","0.00"
"סה""כ קוד מיון ","8**","","","","",,,,,,,,,,,,,
"","","","","","","-12,275,252.15","-1,198,248.45","-831,225.27","-703,950.16","-766,806.70","-1,099,285.55","-876,572.57","-795,850.99","-622,782.42","-688,984.43","-418,344.70","7,688.23","-6,968.42"
"קוד מיון","990","עמלות בנק","990","","",,,,,,,,,,,,,
"","","","","50030","ביטול יתרה",-6277.03,-262.57,63.85,699.26,4.00,25.47,-144.73,35.28,972.53,270.57,2.33,0.01,-18.00
"","","","","55000","ריבית ועמלות בנק",-8638.38,-839.90,-634.90,-953.86,-897.59,-396.99,-836.69,-558.46,-266.22,-133.87,-149.36,-318.87,0.00
"","","","","55005","הפרשי שער",-23694.52,1965.20,-198.42,-404.15,-8902.29,17053.40,41136.06,249.21,-259.10,-419.23,-353.64,-45.50,0.00
"","","","","55008","עמלות  סליקה GROW כרטיסי אשראי (הוצאות)",-9303.76,-142.94,-248.02,-337.42,-356.07,-356.25,-891.22,-405.54,0.00,0.00,0.00,0.00,0.00
"","","","","55010","ריבית מפקדון בנק הפועלים",19299.92,0.00,0.00,191.53,66.70,62.64,2912.76,775.01,0.00,0.00,0.00,0.00,0.00
"","","","","55011","ריבית מס הכנסה",0.00,0.00,-1269.72,0.00,0.00,0.00,0.00,-187.00,0.00,0.00,0.00,0.00,0.00
"","","","","55014","ני""ע-תש' ריבית",3323.25,0.00,0.00,0.00,0.00,0.00,0.00,0.00,0.00,0.00,0.00,0.00,0.00
"","","","","55015","ני""ע- חשבונאי  נומינאלי",15126.27,0.00,0.00,0.00,0.00,0.00,0.00,0.00,0.00,0.00,0.00,0.00,0.00
"סה""כ קוד מיון","990","עמלות בנק","990","","",,,,,,,,,,,,,
"","","","","","","-10,164.25","719.79","-2,287.21","-804.64","-10,085.25","16,388.27","42,176.18","-91.50","447.21","-282.53","-500.67","-364.36","-18.00"
"קוד מיון","991","ריבית הלוואות","991","","",,,,,,,,,,,,,
"","","","","55002","ריבית הלוואות",-44995.99,-2477.82,-2258.22,-1838.37,-1811.81,-1536.43,0.00,-1100.65,-53421.36,-684.39,-442.18,-228.79,0.00
"סה""כ קוד מיון","991","ריבית הלוואות","991","","",,,,,,,,,,,,,
"","","","","","","-44,995.99","-2,477.82","-2,258.22","-1,838.37","-1,811.81","-1,536.43","0.00","-1,100.65","-53,421.36","-684.39","-442.18","-228.79","0.00"
"סה""כ קוד מיון ","99*","","","","",,,,,,,,,,,,,
"","","","","","","-55,160.24","-1,758.03","-4,545.43","-2,643.01","-11,897.06","14,851.84","42,176.18","-1,192.15","-52,974.15","-966.92","-942.85","-593.15","-18.00"
"סה""כ קוד מיון ","***","","","","",,,,,,,,,,,,,
"","","","","","","0.00","16,940.58","-876.41","1,308.45","-5,679.07","-3,674.95","10,030.23","-13,850.18","-1,945.70","-906.34","-906.34","-906.27","466.00"
"סה""כ לדו""ח","","","","","",,,,,,,,,,,,,
"","","","","","","0.00","16,940.58","-876.41","1,308.45","-5,679.07","-3,674.95","10,030.23","-13,850.18","-1,945.70","-906.34","-906.34","-906.27","466.00"
"מספר תנועות בדו""ח 239","","","","","",,,,,,,,,,,,,
