כותרת,תנועה,מנה,"ס""ת",ח-ן נגדי,מפתח חשבון,ספק תקין ,שם חשבון נגדי,ת.אסמכ,ת.ערך,תאריך 3,אסמ',אסמ'2,פרטים,תמחיר,חובה / זכות (שקל),מפתח חשבון,שם חשבון,קוד מיון,שם קוד מיון
806433,1747358,9997,,50026,37095,ADOBE- ספקי אינטרנט 80038,הוצאות שירותי תוכנה,17/01/2025,17/01/2025,17/01/2025,19015845,,ADOBE,,-205,80038,הוצאות ספקי אתר,801,מכירות
806434,1747359,9997,,50026,37095,ADOBE- ספקי אינטרנט 80038,הוצאות שירותי תוכנה,17/02/2025,17/02/2025,17/02/2025,19025845,,ADOBE,,-205,80038,הוצאות ספקי אתר,801,מכירות
806433,1747356,9997,,80038,37095,ADOBE- ספקי אינטרנט 80038,הוצאות ספקי אתר,17/01/2025,17/01/2025,17/01/2025,19015845,,ADOBE,,205,50026,הוצאות שירותי תוכנה,802,משרד
806434,1747357,9997,,80038,37095,ADOBE- ספקי אינטרנט 80038,הוצאות ספקי אתר,17/02/2025,17/02/2025,17/02/2025,19025845,,ADOBE,,205,50026,הוצאות שירותי תוכנה,802,משרד
815336,1768967,9997,,45010,37095,B.M.A Trigalo,הוצאות משלוחים והובלות,24/04/2025,24/04/2025,24/04/2025,0,3370,B.M.A Trigalo הובלות ולוגיסטיקה 04/25,,-950,50028,הוצאות הובלה,802,משרד
815336,1768963,9997,,50028,37148,טריגלו-B.M.A TRIGALO-הובלות,הוצאות הובלה,24/04/2025,24/04/2025,24/04/2025,0,3370,B.M.A Trigalo הובלות ולוגיסטיקה 04/25,,950,45010,הוצאות משלוחים והובלות,806,לוגיסטיקה
806435,1747362,9997,,50026,37140,80021   -FIGMA,הוצאות שירותי תוכנה,16/01/2025,16/01/2025,16/01/2025,17015845,,FIGMA MONTHLY RENEWAL,,-55.96,80021,הוצאות אתר,805,שיווק
806436,1747363,9997,,50026,37140,80021   -FIGMA,הוצאות שירותי תוכנה,16/02/2025,16/02/2025,16/02/2025,17025845,,FIGMA MONTHLY RENEWAL,,-54.99,80021,הוצאות אתר,805,שיווק
806435,1747360,9997,,80021,37140,80021   -FIGMA,הוצאות אתר,16/01/2025,16/01/2025,16/01/2025,17015845,,FIGMA MONTHLY RENEWAL,,55.96,50026,הוצאות שירותי תוכנה,802,משרד
806436,1747361,9997,,80021,37140,80021   -FIGMA,הוצאות אתר,16/02/2025,16/02/2025,16/02/2025,17025845,,FIGMA MONTHLY RENEWAL,,54.99,50026,הוצאות שירותי תוכנה,802,משרד
806477,1747447,9997,,50011,20042,Google,הוצאות פרסום ושיווק,01/02/2025,01/02/2025,01/02/2025,30251383,,GOOGLE*ADS6216476794,,-5129.51,80013,הוצאות גוגל,805,שיווק
806478,1747448,9997,,50011,20042,Google,הוצאות פרסום ושיווק,22/02/2025,22/02/2025,22/02/2025,240251383,,GOOGLE*ADS6216476794,,-10000,80013,הוצאות גוגל,805,שיווק
806479,1747449,9997,,50011,20042,Google,הוצאות פרסום ושיווק,01/03/2025,01/03/2025,01/03/2025,30351383,,GOOGLE*ADS6216476794,,-3052.43,80013,הוצאות גוגל,805,שיווק
806477,1747444,9997,,80013,20042,Google,הוצאות גוגל,01/02/2025,01/02/2025,01/02/2025,30251383,,GOOGLE*ADS6216476794,,5129.51,50011,הוצאות פרסום ושיווק,805,שיווק
806479,1747446,9997,,80013,20042,Google,הוצאות גוגל,01/03/2025,01/03/2025,01/03/2025,30351383,,GOOGLE*ADS6216476794,,3052.43,50011,הוצאות פרסום ושיווק,805,שיווק
806397,1747281,9997,,50012,20142,Klaviyo Inc אימייל מרק 50012,הוצאות אימייל מרקטינג,30/01/2025,30/01/2025,30/01/2025,31015845,,KLAVIYO INC. SOFTWARE,,2212.76,50026,הוצאות שירותי תוכנה,802,משרד
806398,1747282,9997,,50012,20142,Klaviyo Inc אימייל מרק 50012,הוצאות אימייל מרקטינג,28/02/2025,28/02/2025,28/02/2025,2035845,,KLAVIYO INC. SOFTWARE,,2216.47,50026,הוצאות שירותי תוכנה,802,משרד
806399,1747283,9997,,50012,20142,Klaviyo Inc אימייל מרק 50012,הוצאות אימייל מרקטינג,28/02/2025,28/02/2025,28/02/2025,2035845,,KLAVIYO INC. SOFTWARE,,1431.47,50026,הוצאות שירותי תוכנה,802,משרד
815293,1768895,9997,,50012,20142,Klaviyo Inc אימייל מרק 50012,הוצאות אימייל מרקטינג,30/04/2025,30/04/2025,25/05/2025,2055845,0,BOSTON       ~KLAVIYO INC. SOFTWARE,,3695.69,50026,הוצאות שירותי תוכנה,802,משרד
806397,1747284,9997,,50026,20142,Klaviyo Inc אימייל מרק 50012,הוצאות שירותי תוכנה,30/01/2025,30/01/2025,30/01/2025,31015845,,KLAVIYO INC. SOFTWARE,,-2212.76,50012,הוצאות אימייל מרקטינג,805,שיווק
806398,1747285,9997,,50026,20142,Klaviyo Inc אימייל מרק 50012,הוצאות שירותי תוכנה,28/02/2025,28/02/2025,28/02/2025,2035845,,KLAVIYO INC. SOFTWARE,,-2216.47,50012,הוצאות אימייל מרקטינג,805,שיווק
806399,1747286,9997,,50026,20142,Klaviyo Inc אימייל מרק 50012,הוצאות שירותי תוכנה,28/02/2025,28/02/2025,28/02/2025,2035845,,KLAVIYO INC. SOFTWARE,,-1431.47,50012,הוצאות אימייל מרקטינג,805,שיווק
815293,1768896,9997,,50026,20142,Klaviyo Inc אימייל מרק 50012,הוצאות שירותי תוכנה,30/04/2025,30/04/2025,25/05/2025,2055845,0,BOSTON       ~KLAVIYO INC. SOFTWARE,,-3695.69,50012,הוצאות אימייל מרקטינג,805,שיווק
806437,1747404,9997,,50011,30068,META/ פייסבוק,הוצאות פרסום ושיווק,09/01/2025,09/01/2025,09/01/2025,12015845,,FACEBK *A3CNQJC9J2,,-7700,80012,הוצאות פייסבוק,805,שיווק
806438,1747405,9997,,50011,30068,META/ פייסבוק,הוצאות פרסום ושיווק,13/01/2025,13/01/2025,13/01/2025,15015845,,FACEBK *67J8KJU9J2,,-7700,80012,הוצאות פייסבוק,805,שיווק
806439,1747406,9997,,50011,30068,META/ פייסבוק,הוצאות פרסום ושיווק,18/01/2025,18/01/2025,18/01/2025,19015845,,FACEBK *XCAC6KC9J2,,-6653.36,80012,הוצאות פייסבוק,805,שיווק
806440,1747407,9997,,50011,30068,META/ פייסבוק,הוצאות פרסום ושיווק,26/01/2025,26/01/2025,26/01/2025,28015845,,FACEBK *QCFNBJ4AJ2,,-7700,80012,הוצאות פייסבוק,805,שיווק
806441,1747408,9997,,50011,30068,META/ פייסבוק,הוצאות פרסום ושיווק,03/02/2025,03/02/2025,03/02/2025,5025845,,FACEBK *ZQ84PKQ2X2,,-8,80012,הוצאות פייסבוק,805,שיווק
806442,1747409,9997,,50011,30068,META/ פייסבוק,הוצאות פרסום ושיווק,03/02/2025,03/02/2025,03/02/2025,5025845,,FACEBK *MY78KJL2X2,,-77,80012,הוצאות פייסבוק,805,שיווק
806445,1747412,9997,,50011,30068,META/ פייסבוק,הוצאות פרסום ושיווק,03/02/2025,03/02/2025,03/02/2025,5025845,,FACEBK *U4RLLJC2X2,,-25,80012,הוצאות פייסבוק,805,שיווק
806443,1747410,9997,,50011,30068,META/ פייסבוק,הוצאות פרסום ושיווק,03/02/2025,03/02/2025,03/02/2025,5025845,,FACEBK *DGRX3K42X2,,-200,80012,הוצאות פייסבוק,805,שיווק
806444,1747411,9997,,50011,30068,META/ פייסבוק,הוצאות פרסום ושיווק,03/02/2025,03/02/2025,03/02/2025,5025845,,FACEBK *S52UZHU2X2,,-200,80012,הוצאות פייסבוק,805,שיווק
806446,1747413,9997,,50011,30068,META/ פייסבוק,הוצאות פרסום ושיווק,04/02/2025,04/02/2025,04/02/2025,5025845,,FACEBK *U24X4K42X2,,-300,80012,הוצאות פייסבוק,805,שיווק
806449,1747416,9997,,50011,30068,META/ פייסבוק,הוצאות פרסום ושיווק,04/02/2025,04/02/2025,04/02/2025,6025845,,FACEBK *SSSZ2JU2X2,,-330,80012,הוצאות פייסבוק,805,שיווק
806447,1747414,9997,,50011,30068,META/ פייסבוק,הוצאות פרסום ושיווק,04/02/2025,04/02/2025,04/02/2025,5025845,,FACEBK *CZGJMJC2X2,,-200,80012,הוצאות פייסבוק,805,שיווק
806448,1747415,9997,,50011,30068,META/ פייסבוק,הוצאות פרסום ושיווק,04/02/2025,04/02/2025,04/02/2025,6025845,,FACEBK *DVT4MJL2X2,,-363,80012,הוצאות פייסבוק,805,שיווק
806450,1747417,9997,,50011,30068,META/ פייסבוק,הוצאות פרסום ושיווק,05/02/2025,05/02/2025,05/02/2025,6025845,,FACEBK *RDR9PJC2X2,,-400,80012,הוצאות פייסבוק,805,שיווק
806451,1747418,9997,,50011,30068,META/ פייסבוק,הוצאות פרסום ושיווק,05/02/2025,05/02/2025,05/02/2025,7025845,,FACEBK *WLKQPJC2X2,,-440,80012,הוצאות פייסבוק,805,שיווק
806452,1747419,9997,,50011,30068,META/ פייסבוק,הוצאות פרסום ושיווק,05/02/2025,05/02/2025,05/02/2025,7025845,,FACEBK *FN6NNJL2X2,,-484,80012,הוצאות פייסבוק,805,שיווק
806475,1747442,9997,,50011,30068,META/ פייסבוק,הוצאות פרסום ושיווק,05/02/2025,05/02/2025,05/02/2025,70251383,,FACEBK *META VERIFIE,,-42.89,80012,הוצאות פייסבוק,805,שיווק
806453,1747420,9997,,50011,30068,META/ פייסבוק,הוצאות פרסום ושיווק,06/02/2025,06/02/2025,06/02/2025,7025845,,FACEBK *7E7MTKQ2X2,,-533,80012,הוצאות פייסבוק,805,שיווק
806454,1747421,9997,,50011,30068,META/ פייסבוק,הוצאות פרסום ושיווק,06/02/2025,06/02/2025,06/02/2025,9025845,,FACEBK *75BL8K42X2,,-587,80012,הוצאות פייסבוק,805,שיווק
806455,1747422,9997,,50011,30068,META/ פייסבוק,הוצאות פרסום ושיווק,06/02/2025,06/02/2025,06/02/2025,9025845,,FACEBK *RR2TUKQ2X2,,-646,80012,הוצאות פייסבוק,805,שיווק
806456,1747423,9997,,50011,30068,META/ פייסבוק,הוצאות פרסום ושיווק,07/02/2025,07/02/2025,07/02/2025,9025845,,FACEBK *JER3TJC2X2,,-711,80012,הוצאות פייסבוק,805,שיווק
806457,1747424,9997,,50011,30068,META/ פייסבוק,הוצאות פרסום ושיווק,07/02/2025,07/02/2025,07/02/2025,9025845,,FACEBK *MCSK9JYZW2,,-783,80012,הוצאות פייסבוק,805,שיווק
806458,1747425,9997,,50011,30068,META/ פייסבוק,הוצאות פרסום ושיווק,08/02/2025,08/02/2025,08/02/2025,10025845,,FACEBK *F3XPAJYZW2,,-862,80012,הוצאות פייסבוק,805,שיווק
806459,1747426,9997,,50011,30068,META/ פייסבוק,הוצאות פרסום ושיווק,09/02/2025,09/02/2025,09/02/2025,10025845,,FACEBK *AATMUJL2X2,,-949,80012,הוצאות פייסבוק,805,שיווק
806460,1747427,9997,,50011,30068,META/ פייסבוק,הוצאות פרסום ושיווק,09/02/2025,09/02/2025,09/02/2025,11025845,,FACEBK *KXZGZHG2X2,,-1044,80012,הוצאות פייסבוק,805,שיווק
806461,1747428,9997,,50011,30068,META/ פייסבוק,הוצאות פרסום ושיווק,10/02/2025,10/02/2025,10/02/2025,12025845,,FACEBK *WCGJAK82X2,,-1264,80012,הוצאות פייסבוק,805,שיווק
806462,1747429,9997,,50011,30068,META/ פייסבוק,הוצאות פרסום ושיווק,10/02/2025,10/02/2025,10/02/2025,12025845,,FACEBK *M6TDFK42X2,,-1149,80012,הוצאות פייסבוק,805,שיווק
806463,1747430,9997,,50011,30068,META/ פייסבוק,הוצאות פרסום ושיווק,11/02/2025,11/02/2025,11/02/2025,12025845,,FACEBK *HZZCYJL2X2,,-1391,80012,הוצאות פייסבוק,805,שיווק
806464,1747431,9997,,50011,30068,META/ פייסבוק,הוצאות פרסום ושיווק,11/02/2025,11/02/2025,11/02/2025,13025845,,FACEBK *E4M35JG2X2,,-1531,80012,הוצאות פייסבוק,805,שיווק
806465,1747432,9997,,50011,30068,META/ פייסבוק,הוצאות פרסום ושיווק,12/02/2025,12/02/2025,12/02/2025,14025845,,FACEBK *828U3KC2X2,,-1685,80012,הוצאות פייסבוק,805,שיווק
806466,1747433,9997,,50011,30068,META/ פייסבוק,הוצאות פרסום ושיווק,13/02/2025,13/02/2025,13/02/2025,14025845,,FACEBK *G44S3KL2X2,,-1854,80012,הוצאות פייסבוק,805,שיווק
806467,1747434,9997,,50011,30068,META/ פייסבוק,הוצאות פרסום ושיווק,15/02/2025,15/02/2025,15/02/2025,17025845,,FACEBK *GTXYBJG2X2,,-2244,80012,הוצאות פייסבוק,805,שיווק
806468,1747435,9997,,50011,30068,META/ פייסבוק,הוצאות פרסום ושיווק,16/02/2025,16/02/2025,16/02/2025,18025845,,FACEBK *C6NQAKL2X2,,-2469,80012,הוצאות פייסבוק,805,שיווק
809878,1755719,9997,,50042,30068,META/ פייסבוק,הוצאות חניה,16/02/2025,16/02/2025,16/02/2025,845,,FACEBK *KC8ZCKYZW2,,-2232,80012,הוצאות פייסבוק,805,שיווק
806469,1747436,9997,,50011,30068,META/ פייסבוק,הוצאות פרסום ושיווק,18/02/2025,18/02/2025,18/02/2025,19025845,,FACEBK *T3JS2KG9J2,,-5282.5,80012,הוצאות פייסבוק,805,שיווק
806470,1747437,9997,,50011,30068,META/ פייסבוק,הוצאות פרסום ושיווק,18/02/2025,18/02/2025,18/02/2025,20025845,,FACEBK *5RF9XK42X2,,-2716,80012,הוצאות פייסבוק,805,שיווק
806471,1747438,9997,,50011,30068,META/ פייסבוק,הוצאות פרסום ושיווק,25/02/2025,25/02/2025,25/02/2025,27025845,,FACEBK *4K9LSKL2X2,,-2988,80012,הוצאות פייסבוק,805,שיווק
806472,1747439,9997,,50011,30068,META/ פייסבוק,הוצאות פרסום ושיווק,27/02/2025,27/02/2025,27/02/2025,28025845,,FACEBK *KC8ZCKYZW2,,-3238,80012,הוצאות פייסבוק,805,שיווק
806473,1747440,9997,,50011,30068,META/ פייסבוק,הוצאות פרסום ושיווק,28/02/2025,28/02/2025,28/02/2025,2035845,,FACEBK *C7THFKYZW2,,-1006.02,80012,הוצאות פייסבוק,805,שיווק
806474,1747441,9997,,50011,30068,META/ פייסבוק,הוצאות פרסום ושיווק,28/02/2025,28/02/2025,28/02/2025,2035845,,FACEBK *DVXGNKUZW2,,-3238,80012,הוצאות פייסבוק,805,שיווק
806476,1747443,9997,,50011,30068,META/ פייסבוק,הוצאות פרסום ושיווק,05/03/2025,05/03/2025,05/03/2025,70351383,,FACEBK *META VERIFIE,,-42.89,80012,הוצאות פייסבוק,805,שיווק
809878,1755718,9997,,80012,30068,META/ פייסבוק,הוצאות פייסבוק,16/02/2025,16/02/2025,16/02/2025,845,,FACEBK *KC8ZCKYZW2,,2232,50042,הוצאות חניה,802,משרד
806437,1747364,9997,,80012,30068,META/ פייסבוק,הוצאות פייסבוק,09/01/2025,09/01/2025,09/01/2025,12015845,,FACEBK *A3CNQJC9J2,,7700,50011,הוצאות פרסום ושיווק,805,שיווק
806438,1747365,9997,,80012,30068,META/ פייסבוק,הוצאות פייסבוק,13/01/2025,13/01/2025,13/01/2025,15015845,,FACEBK *67J8KJU9J2,,7700,50011,הוצאות פרסום ושיווק,805,שיווק
806439,1747366,9997,,80012,30068,META/ פייסבוק,הוצאות פייסבוק,18/01/2025,18/01/2025,18/01/2025,19015845,,FACEBK *XCAC6KC9J2,,6653.36,50011,הוצאות פרסום ושיווק,805,שיווק
806440,1747367,9997,,80012,30068,META/ פייסבוק,הוצאות פייסבוק,26/01/2025,26/01/2025,26/01/2025,28015845,,FACEBK *QCFNBJ4AJ2,,7700,50011,הוצאות פרסום ושיווק,805,שיווק
806441,1747368,9997,,80012,30068,META/ פייסבוק,הוצאות פייסבוק,03/02/2025,03/02/2025,03/02/2025,5025845,,FACEBK *ZQ84PKQ2X2,,8,50011,הוצאות פרסום ושיווק,805,שיווק
806442,1747369,9997,,80012,30068,META/ פייסבוק,הוצאות פייסבוק,03/02/2025,03/02/2025,03/02/2025,5025845,,FACEBK *MY78KJL2X2,,77,50011,הוצאות פרסום ושיווק,805,שיווק
806443,1747370,9997,,80012,30068,META/ פייסבוק,הוצאות פייסבוק,03/02/2025,03/02/2025,03/02/2025,5025845,,FACEBK *DGRX3K42X2,,200,50011,הוצאות פרסום ושיווק,805,שיווק
806444,1747371,9997,,80012,30068,META/ פייסבוק,הוצאות פייסבוק,03/02/2025,03/02/2025,03/02/2025,5025845,,FACEBK *S52UZHU2X2,,200,50011,הוצאות פרסום ושיווק,805,שיווק
806445,1747372,9997,,80012,30068,META/ פייסבוק,הוצאות פייסבוק,03/02/2025,03/02/2025,03/02/2025,5025845,,FACEBK *U4RLLJC2X2,,25,50011,הוצאות פרסום ושיווק,805,שיווק
806446,1747373,9997,,80012,30068,META/ פייסבוק,הוצאות פייסבוק,04/02/2025,04/02/2025,04/02/2025,5025845,,FACEBK *U24X4K42X2,,300,50011,הוצאות פרסום ושיווק,805,שיווק
806447,1747374,9997,,80012,30068,META/ פייסבוק,הוצאות פייסבוק,04/02/2025,04/02/2025,04/02/2025,5025845,,FACEBK *CZGJMJC2X2,,200,50011,הוצאות פרסום ושיווק,805,שיווק
806448,1747375,9997,,80012,30068,META/ פייסבוק,הוצאות פייסבוק,04/02/2025,04/02/2025,04/02/2025,6025845,,FACEBK *DVT4MJL2X2,,363,50011,הוצאות פרסום ושיווק,805,שיווק
806449,1747376,9997,,80012,30068,META/ פייסבוק,הוצאות פייסבוק,04/02/2025,04/02/2025,04/02/2025,6025845,,FACEBK *SSSZ2JU2X2,,330,50011,הוצאות פרסום ושיווק,805,שיווק
806450,1747377,9997,,80012,30068,META/ פייסבוק,הוצאות פייסבוק,05/02/2025,05/02/2025,05/02/2025,6025845,,FACEBK *RDR9PJC2X2,,400,50011,הוצאות פרסום ושיווק,805,שיווק
806451,1747378,9997,,80012,30068,META/ פייסבוק,הוצאות פייסבוק,05/02/2025,05/02/2025,05/02/2025,7025845,,FACEBK *WLKQPJC2X2,,440,50011,הוצאות פרסום ושיווק,805,שיווק
806452,1747379,9997,,80012,30068,META/ פייסבוק,הוצאות פייסבוק,05/02/2025,05/02/2025,05/02/2025,7025845,,FACEBK *FN6NNJL2X2,,484,50011,הוצאות פרסום ושיווק,805,שיווק
806475,1747402,9997,,80012,30068,META/ פייסבוק,הוצאות פייסבוק,05/02/2025,05/02/2025,05/02/2025,70251383,,FACEBK *META VERIFIE,,42.89,50011,הוצאות פרסום ושיווק,805,שיווק
806453,1747380,9997,,80012,30068,META/ פייסבוק,הוצאות פייסבוק,06/02/2025,06/02/2025,06/02/2025,7025845,,FACEBK *7E7MTKQ2X2,,533,50011,הוצאות פרסום ושיווק,805,שיווק
806454,1747381,9997,,80012,30068,META/ פייסבוק,הוצאות פייסבוק,06/02/2025,06/02/2025,06/02/2025,9025845,,FACEBK *75BL8K42X2,,587,50011,הוצאות פרסום ושיווק,805,שיווק
806455,1747382,9997,,80012,30068,META/ פייסבוק,הוצאות פייסבוק,06/02/2025,06/02/2025,06/02/2025,9025845,,FACEBK *RR2TUKQ2X2,,646,50011,הוצאות פרסום ושיווק,805,שיווק
806456,1747383,9997,,80012,30068,META/ פייסבוק,הוצאות פייסבוק,07/02/2025,07/02/2025,07/02/2025,9025845,,FACEBK *JER3TJC2X2,,711,50011,הוצאות פרסום ושיווק,805,שיווק
806457,1747384,9997,,80012,30068,META/ פייסבוק,הוצאות פייסבוק,07/02/2025,07/02/2025,07/02/2025,9025845,,FACEBK *MCSK9JYZW2,,783,50011,הוצאות פרסום ושיווק,805,שיווק
806458,1747385,9997,,80012,30068,META/ פייסבוק,הוצאות פייסבוק,08/02/2025,08/02/2025,08/02/2025,10025845,,FACEBK *F3XPAJYZW2,,862,50011,הוצאות פרסום ושיווק,805,שיווק
806459,1747386,9997,,80012,30068,META/ פייסבוק,הוצאות פייסבוק,09/02/2025,09/02/2025,09/02/2025,10025845,,FACEBK *AATMUJL2X2,,949,50011,הוצאות פרסום ושיווק,805,שיווק
806460,1747387,9997,,80012,30068,META/ פייסבוק,הוצאות פייסבוק,09/02/2025,09/02/2025,09/02/2025,11025845,,FACEBK *KXZGZHG2X2,,1044,50011,הוצאות פרסום ושיווק,805,שיווק
806461,1747388,9997,,80012,30068,META/ פייסבוק,הוצאות פייסבוק,10/02/2025,10/02/2025,10/02/2025,12025845,,FACEBK *WCGJAK82X2,,1264,50011,הוצאות פרסום ושיווק,805,שיווק
806462,1747389,9997,,80012,30068,META/ פייסבוק,הוצאות פייסבוק,10/02/2025,10/02/2025,10/02/2025,12025845,,FACEBK *M6TDFK42X2,,1149,50011,הוצאות פרסום ושיווק,805,שיווק
806463,1747390,9997,,80012,30068,META/ פייסבוק,הוצאות פייסבוק,11/02/2025,11/02/2025,11/02/2025,12025845,,FACEBK *HZZCYJL2X2,,1391,50011,הוצאות פרסום ושיווק,805,שיווק
806464,1747391,9997,,80012,30068,META/ פייסבוק,הוצאות פייסבוק,11/02/2025,11/02/2025,11/02/2025,13025845,,FACEBK *E4M35JG2X2,,1531,50011,הוצאות פרסום ושיווק,805,שיווק
806465,1747392,9997,,80012,30068,META/ פייסבוק,הוצאות פייסבוק,12/02/2025,12/02/2025,12/02/2025,14025845,,FACEBK *828U3KC2X2,,1685,50011,הוצאות פרסום ושיווק,805,שיווק
806466,1747393,9997,,80012,30068,META/ פייסבוק,הוצאות פייסבוק,13/02/2025,13/02/2025,13/02/2025,14025845,,FACEBK *G44S3KL2X2,,1854,50011,הוצאות פרסום ושיווק,805,שיווק
806467,1747394,9997,,80012,30068,META/ פייסבוק,הוצאות פייסבוק,15/02/2025,15/02/2025,15/02/2025,17025845,,FACEBK *GTXYBJG2X2,,2244,50011,הוצאות פרסום ושיווק,805,שיווק
806468,1747395,9997,,80012,30068,META/ פייסבוק,הוצאות פייסבוק,16/02/2025,16/02/2025,16/02/2025,18025845,,FACEBK *C6NQAKL2X2,,2469,50011,הוצאות פרסום ושיווק,805,שיווק
806469,1747396,9997,,80012,30068,META/ פייסבוק,הוצאות פייסבוק,18/02/2025,18/02/2025,18/02/2025,19025845,,FACEBK *T3JS2KG9J2,,5282.5,50011,הוצאות פרסום ושיווק,805,שיווק
806470,1747397,9997,,80012,30068,META/ פייסבוק,הוצאות פייסבוק,18/02/2025,18/02/2025,18/02/2025,20025845,,FACEBK *5RF9XK42X2,,2716,50011,הוצאות פרסום ושיווק,805,שיווק
806478,1747445,9997,,80013,30068,META/ פייסבוק,הוצאות גוגל,22/02/2025,22/02/2025,22/02/2025,240251383,,GOOGLE*ADS6216476794,,10000,50011,הוצאות פרסום ושיווק,805,שיווק
806471,1747398,9997,,80012,30068,META/ פייסבוק,הוצאות פייסבוק,25/02/2025,25/02/2025,25/02/2025,27025845,,FACEBK *4K9LSKL2X2,,2988,50011,הוצאות פרסום ושיווק,805,שיווק
806472,1747399,9997,,80012,30068,META/ פייסבוק,הוצאות פייסבוק,27/02/2025,27/02/2025,27/02/2025,28025845,,FACEBK *KC8ZCKYZW2,,3238,50011,הוצאות פרסום ושיווק,805,שיווק
806473,1747400,9997,,80012,30068,META/ פייסבוק,הוצאות פייסבוק,28/02/2025,28/02/2025,28/02/2025,2035845,,FACEBK *C7THFKYZW2,,1006.02,50011,הוצאות פרסום ושיווק,805,שיווק
806474,1747401,9997,,80012,30068,META/ פייסבוק,הוצאות פייסבוק,28/02/2025,28/02/2025,28/02/2025,2035845,,FACEBK *DVXGNKUZW2,,3238,50011,הוצאות פרסום ושיווק,805,שיווק
806476,1747403,9997,,80012,30068,META/ פייסבוק,הוצאות פייסבוק,05/03/2025,05/03/2025,05/03/2025,70351383,,FACEBK *META VERIFIE,,42.89,50011,הוצאות פרסום ושיווק,805,שיווק
815273,1768861,9997,,50015,20104,Shopify International Limited,הוצאות אחזקת אתר אינטרנט,12/04/2025,12/04/2025,12/04/2025,0,298174430,Shopify International Limited 04/25,,10698.39,50026,הוצאות שירותי תוכנה,802,משרד
815274,1768862,9997,,50015,20104,Shopify International Limited,הוצאות אחזקת אתר אינטרנט,12/05/2025,12/05/2025,12/05/2025,0,484119330,Shopify International Limited 05/25,,9676.34,50026,הוצאות שירותי תוכנה,802,משרד
815273,1768863,9997,,50026,20104,Shopify International Limited,הוצאות שירותי תוכנה,12/04/2025,12/04/2025,12/04/2025,0,298174430,Shopify International Limited 04/25,,-10698.39,50015,הוצאות אחזקת אתר אינטרנט,801,מכירות
814878,1767971,1096,,37999,20104,Shopify International Limited,ספקים לשלם +לקבל חשבונית,07/05/2025,07/05/2025,14/05/2025,0,250510006,ליסקאר מנהרות,,58.64,50004,הוצאות נסיעות מחלקת סיטונאות,801,מכירות
806430,1747353,9997,,50026,20082,zendesk שירות לקוחות 80010,הוצאות שירותי תוכנה,09/01/2025,09/01/2025,09/01/2025,12015845,,ZENDESK.COM - IRE,,-21.5,80010,הוצאות שרות לקוחות,801,מכירות
806431,1747354,9997,,50026,20082,zendesk שירות לקוחות 80010,הוצאות שירותי תוכנה,24/01/2025,24/01/2025,24/01/2025,26015845,,ZENDESK.COM - IRE,,-41.9,80010,הוצאות שרות לקוחות,801,מכירות
806432,1747355,9997,,50026,20082,zendesk שירות לקוחות 80010,הוצאות שירותי תוכנה,27/01/2025,27/01/2025,27/01/2025,29015845,,ZENDESK.COM - IRE,,-47.65,80010,הוצאות שרות לקוחות,801,מכירות
806429,1747352,9997,,50026,20082,zendesk שירות לקוחות 80010,הוצאות שירותי תוכנה,09/02/2025,09/02/2025,23/03/2025,0,12575512,zendesk 02/25,,-46.39,80010,הוצאות שרות לקוחות,801,מכירות
806428,1747351,9997,,50026,20082,zendesk שירות לקוחות 80010,הוצאות שירותי תוכנה,27/02/2025,27/02/2025,27/02/2025,0,12627302,zendesk 02/25,,-55.5,80010,הוצאות שרות לקוחות,801,מכירות
806430,1747348,9997,,80010,20082,zendesk שירות לקוחות 80010,הוצאות שרות לקוחות,09/01/2025,09/01/2025,09/01/2025,12015845,,ZENDESK.COM - IRE,,21.5,50026,הוצאות שירותי תוכנה,802,משרד
806431,1747349,9997,,80010,20082,zendesk שירות לקוחות 80010,הוצאות שרות לקוחות,24/01/2025,24/01/2025,24/01/2025,26015845,,ZENDESK.COM - IRE,,41.9,50026,הוצאות שירותי תוכנה,802,משרד
806432,1747350,9997,,80010,20082,zendesk שירות לקוחות 80010,הוצאות שרות לקוחות,27/01/2025,27/01/2025,27/01/2025,29015845,,ZENDESK.COM - IRE,,47.65,50026,הוצאות שירותי תוכנה,802,משרד
806429,1747347,9997,,80010,20082,zendesk שירות לקוחות 80010,הוצאות שרות לקוחות,09/02/2025,09/02/2025,23/03/2025,0,12575512,zendesk 02/25,,46.39,50026,הוצאות שירותי תוכנה,802,משרד
806428,1747346,9997,,80010,20082,zendesk שירות לקוחות 80010,הוצאות שרות לקוחות,27/02/2025,27/02/2025,27/02/2025,0,12627302,zendesk 02/25,,55.5,50026,הוצאות שירותי תוכנה,802,משרד
809620,1755131,1075,,37999,30783,איי טי אם מודלס  בעמ,ספקים לשלם +לקבל חשבונית,30/01/2025,30/01/2025,09/04/2025,89328,0,"ITM -שת""פ",,-10256.78,50019,"הוצאות שת""פ",805,שיווק
809859,1755684,1085,,37999,30783,איי טי אם מודלס  בעמ,ספקים לשלם +לקבל חשבונית,28/02/2025,28/02/2025,23/04/2025,0,0,איי טי אם מודלס  בעמ 02/25,,-9844,50019,"הוצאות שת""פ",805,שיווק
809858,1755682,9997,,37999,30783,איי טי אם מודלס  בעמ,ספקים לשלם +לקבל חשבונית,23/03/2025,23/03/2025,09/04/2025,89328,108388,"ITM -שת""פ",,10256.78,50019,"הוצאות שת""פ",805,שיווק
809860,1755687,1085,,37999,30783,איי טי אם מודלס  בעמ,ספקים לשלם +לקבל חשבונית,31/03/2025,31/03/2025,23/04/2025,0,0,איי טי אם מודלס  בעמ 02/25,,9844,50019,"הוצאות שת""פ",805,שיווק
815485,1769231,1131,,37999,30783,איי טי אם מודלס  בעמ,ספקים לשלם +לקבל חשבונית,31/03/2025,06/04/2025,15/06/2025,89792,0,שירנקה- בסיס 03.25,,-8000,37126,הוצאות הפקה,805,שיווק
815486,1769233,1131,,37999,30783,איי טי אם מודלס  בעמ,ספקים לשלם +לקבל חשבונית,31/03/2025,06/04/2025,15/06/2025,89792,0,שירנקה- עמלות 03.25,,-2533.99,37126,הוצאות הפקה,805,שיווק
815483,1769227,1131,,37999,30783,איי טי אם מודלס  בעמ,ספקים לשלם +לקבל חשבונית,31/05/2025,31/05/2025,15/06/2025,90311,0,שירנקה- עמלות 05.25,,-2029.55,37126,הוצאות הפקה,805,שיווק
815484,1769229,1131,,37999,30783,איי טי אם מודלס  בעמ,ספקים לשלם +לקבל חשבונית,31/05/2025,31/05/2025,15/06/2025,90311,0,שירנקה- בסיס 05.25,,-8000,37126,הוצאות הפקה,805,שיווק
806486,1747462,9997,,45010,37044,אלי אדרי,הוצאות משלוחים והובלות,20/01/2025,20/01/2025,19/02/2025,0,1017,אלי אדרי,,850,50028,הוצאות הובלה,802,משרד
815338,1768969,9997,,45010,37044,אלי אדרי,הוצאות משלוחים והובלות,20/01/2025,20/01/2025,19/02/2025,0,1017,אלי אדרי,,-850,50028,הוצאות הובלה,802,משרד
806486,1747466,9997,,50028,37044,אלי אדרי,הוצאות הובלה,20/01/2025,20/01/2025,19/02/2025,0,1017,אלי אדרי,,-850,45010,הוצאות משלוחים והובלות,806,לוגיסטיקה
815338,1768965,9997,,50028,37044,אלי אדרי,הוצאות הובלה,20/01/2025,20/01/2025,19/02/2025,0,1017,אלי אדרי,,850,45010,הוצאות משלוחים והובלות,806,לוגיסטיקה
809894,1755750,9997,,80032,30775,אף אן די דיגיטל - אלונה דורות בעמ והדר פרידמן בעמ,הוצאות רטיינרים שיווק,28/02/2025,28/02/2025,28/02/2025,0,522784,ניהול קמפיינים ממומנים,,7000,50011,הוצאות פרסום ושיווק,805,שיווק
809895,1755751,9997,,80032,30775,אף אן די דיגיטל - אלונה דורות בעמ והדר פרידמן בעמ,הוצאות רטיינרים שיווק,31/03/2025,31/03/2025,31/03/2025,0,522791,די דיגיטל - אלונה דורות בעמ והדר פרידמן בעמ 03/25,,7000,50011,הוצאות פרסום ושיווק,805,שיווק
815314,1768931,9997,,80032,30775,אף אן די דיגיטל - אלונה דורות בעמ והדר פרידמן בעמ,הוצאות רטיינרים שיווק,30/04/2025,30/04/2025,30/04/2025,0,522809,די דיגיטל - אלונה דורות בעמ והדר פרידמן בעמ 04/25,,7000,50011,הוצאות פרסום ושיווק,805,שיווק
815298,1768903,1105,,37999,20000,בזק,ספקים לשלם +לקבל חשבונית,30/04/2025,30/04/2025,28/05/2025,0,0,בזק 04.25,,-396.19,50000,הוצאות טלפון ואינטרנט,802,משרד
815361,1769013,1109,,70019,20105,"ביימי טכנולוגיות בע""מ ",הוצאות לשלם,31/01/2025,08/03/2025,28/05/2025,0,0,"עמלות ביימי טכנולוגיות בע""מ 1.25",,-2745.4,55004,"הוצאות עמלות מכירה  ביי מי, וויסל",801,מכירות
815362,1769015,1109,,70019,20105,"ביימי טכנולוגיות בע""מ ",הוצאות לשלם,28/02/2025,08/04/2025,28/05/2025,0,0,"עמלות ביימי טכנולוגיות בע""מ 2.25",,-2491.83,55004,"הוצאות עמלות מכירה  ביי מי, וויסל",801,מכירות
815455,1769192,9997,,70019,20105,"ביימי טכנולוגיות בע""מ ",הוצאות לשלם,28/02/2025,08/04/2025,28/05/2025,0,0,"עמלות ביימי טכנולוגיות בע""מ 2.25",,2491.83,55004,"הוצאות עמלות מכירה  ביי מי, וויסל",801,מכירות
815363,1769017,1109,,70019,20105,"ביימי טכנולוגיות בע""מ ",הוצאות לשלם,31/03/2025,31/03/2025,28/05/2025,0,0,"עמלות ביימי טכנולוגיות בע""מ 3.25",,-2460.53,55004,"הוצאות עמלות מכירה  ביי מי, וויסל",801,מכירות
815364,1769019,1109,,70019,20105,"ביימי טכנולוגיות בע""מ ",הוצאות לשלם,30/04/2025,30/04/2025,28/05/2025,0,0,"עמלות ביימי טכנולוגיות בע""מ 4.25",,-3616.68,55004,"הוצאות עמלות מכירה  ביי מי, וויסל",801,מכירות
815453,1769188,9997,,37999,20105,"ביימי טכנולוגיות בע""מ ",ספקים לשלם +לקבל חשבונית,31/03/2025,31/03/2025,14/05/2025,0,2503964,"ביימי טכנולוגיות בע""מ עמלות 03.25",,2085.2,55004,"הוצאות עמלות מכירה  ביי מי, וויסל",801,מכירות
820432,1781296,9997,,37999,20105,"ביימי טכנולוגיות בע""מ ",ספקים לשלם +לקבל חשבונית,31/03/2025,31/03/2025,14/05/2025,0,2503964,"ביימי טכנולוגיות בע""מ עמלות 03.25",,-2085.2,55004,"הוצאות עמלות מכירה  ביי מי, וויסל",801,מכירות
814881,1767976,1096,,37999,20105,"ביימי טכנולוגיות בע""מ ",ספקים לשלם +לקבל חשבונית,31/03/2025,31/03/2025,14/05/2025,0,2503964,"ביימי טכנולוגיות בע""מ עמלות 03.25",,-2085.2,55004,"הוצאות עמלות מכירה  ביי מי, וויסל",801,מכירות
814882,1767979,1096,,37999,20105,"ביימי טכנולוגיות בע""מ ",ספקים לשלם +לקבל חשבונית,30/04/2025,30/04/2025,14/05/2025,0,2503964,"ביימי טכנולוגיות בע""מ עמלות 03.25",,2085.2,55004,"הוצאות עמלות מכירה  ביי מי, וויסל",801,מכירות
815493,1769247,1131,,37999,20105,"ביימי טכנולוגיות בע""מ ",ספקים לשלם +לקבל חשבונית,30/04/2025,30/04/2025,15/06/2025,2505298,0,"ביימי טכנולוגיות בע""מ 04.2025",,-5824.63,55004,"הוצאות עמלות מכירה  ביי מי, וויסל",801,מכירות
815494,1769250,1131,,37999,20105,"ביימי טכנולוגיות בע""מ ",ספקים לשלם +לקבל חשבונית,31/05/2025,31/05/2025,15/06/2025,2505298,0,"ביימי טכנולוגיות בע""מ 04.2025",,5824.63,55004,"הוצאות עמלות מכירה  ביי מי, וויסל",801,מכירות
815274,1768864,9997,,50026,20105,"ביימי טכנולוגיות בע""מ ",הוצאות שירותי תוכנה,12/05/2025,12/05/2025,12/05/2025,0,484119330,Shopify International Limited 05/25,,-9676.34,50015,הוצאות אחזקת אתר אינטרנט,801,מכירות
806480,1747453,9997,,50011,30765,ברגר גלי,הוצאות פרסום ושיווק,01/01/2025,01/01/2025,19/02/2025,0,30081,ברגר גלי 12.24,,-23000,80032,הוצאות רטיינרים שיווק,805,שיווק
806481,1747454,9997,,50011,30765,ברגר גלי,הוצאות פרסום ושיווק,01/02/2025,01/02/2025,01/02/2025,0,30084,01.25 VP MARKETING,,-23000,80032,הוצאות רטיינרים שיווק,805,שיווק
815328,1768948,1106,,37999,30765,ברגר גלי,ספקים לשלם +לקבל חשבונית,01/02/2025,01/02/2025,28/05/2025,0,0,גלי ברגר 01.25,,23000,80032,הוצאות רטיינרים שיווק,805,שיווק
806480,1747450,9997,,80032,30765,ברגר גלי,הוצאות רטיינרים שיווק,01/01/2025,01/01/2025,19/02/2025,0,30081,ברגר גלי 12.24,,23000,50011,הוצאות פרסום ושיווק,805,שיווק
806481,1747451,9997,,80032,30765,ברגר גלי,הוצאות רטיינרים שיווק,01/02/2025,01/02/2025,01/02/2025,0,30084,01.25 VP MARKETING,,23000,50011,הוצאות פרסום ושיווק,805,שיווק
806482,1747452,9997,,80032,30765,ברגר גלי,הוצאות רטיינרים שיווק,03/03/2025,03/03/2025,03/03/2025,0,30092,VP MARKETING 02.25,,23000,50011,הוצאות פרסום ושיווק,805,שיווק
815602,1769478,9997,,80032,30784,בשמת אפפל- PLANER PRO SOLUTIONS,הוצאות רטיינרים שיווק,30/04/2025,30/04/2025,14/05/2025,0,1004,פלנר- בשמת-04.25,,-7175,80041,הוצאות שירותי תוכנה לוגיסטיקה,806,לוגיסטיקה
815599,1769475,9997,,80032,30784,בשמת אפפל- PLANER PRO SOLUTIONS,הוצאות רטיינרים שיווק,31/01/2025,31/01/2025,09/04/2025,1001,0,פלנר פרו 01.25,,-3080,80041,הוצאות שירותי תוכנה לוגיסטיקה,806,לוגיסטיקה
815600,1769476,9997,,80032,30784,בשמת אפפל- PLANER PRO SOLUTIONS,הוצאות רטיינרים שיווק,28/02/2025,28/02/2025,09/04/2025,1002,0,פלנר פרו 02.25,,-5071.5,80041,הוצאות שירותי תוכנה לוגיסטיקה,806,לוגיסטיקה
815601,1769477,9997,,80032,30784,בשמת אפפל- PLANER PRO SOLUTIONS,הוצאות רטיינרים שיווק,31/03/2025,31/03/2025,09/04/2025,1003,0,פלנר פרו 03.25,,-9411.5,80041,הוצאות שירותי תוכנה לוגיסטיקה,806,לוגיסטיקה
814978,1768142,1097,,37999,30784,בשמת אפפל- PLANER PRO SOLUTIONS,ספקים לשלם +לקבל חשבונית,19/05/2025,19/05/2025,25/05/2025,0,800003,פלאנר פרו 04.25,,7175,80032,הוצאות רטיינרים שיווק,805,שיווק
815348,1768987,1108,,37999,30710,"גולדנטק מערכות מידע בע""מ - goods",ספקים לשלם +לקבל חשבונית,31/01/2025,31/01/2025,28/05/2025,0,0,גוד'ס 01.25,,4462.5,80041,הוצאות שירותי תוכנה לוגיסטיקה,806,לוגיסטיקה
815354,1768999,1108,,37999,30710,"גולדנטק מערכות מידע בע""מ - goods",ספקים לשלם +לקבל חשבונית,31/01/2025,31/01/2025,28/05/2025,0,0,גוד'ס 01.25,,-4725,80041,הוצאות שירותי תוכנה לוגיסטיקה,806,לוגיסטיקה
815342,1768975,1107,,37999,30710,"גולדנטק מערכות מידע בע""מ - goods",ספקים לשלם +לקבל חשבונית,31/01/2025,31/01/2025,28/05/2025,0,0,גוד'ס 01.25,,-4462.5,80041,הוצאות שירותי תוכנה לוגיסטיקה,806,לוגיסטיקה
815343,1768978,1107,,37999,30710,"גולדנטק מערכות מידע בע""מ - goods",ספקים לשלם +לקבל חשבונית,14/02/2025,14/02/2025,28/05/2025,0,0,גוד'ס 01.25 +01.25,,8925,80041,הוצאות שירותי תוכנה לוגיסטיקה,806,לוגיסטיקה
815349,1768990,1108,,37999,30710,"גולדנטק מערכות מידע בע""מ - goods",ספקים לשלם +לקבל חשבונית,14/02/2025,14/02/2025,28/05/2025,0,0,גוד'ס 01.25 +01.25,,-8925,80041,הוצאות שירותי תוכנה לוגיסטיקה,806,לוגיסטיקה
815355,1769002,1108,,37999,30710,"גולדנטק מערכות מידע בע""מ - goods",ספקים לשלם +לקבל חשבונית,14/02/2025,14/02/2025,28/05/2025,0,0,גוד'ס 01+03.25,,9450,80041,הוצאות שירותי תוכנה לוגיסטיקה,806,לוגיסטיקה
815350,1768991,1108,,37999,30710,"גולדנטק מערכות מידע בע""מ - goods",ספקים לשלם +לקבל חשבונית,31/03/2025,31/03/2025,28/05/2025,0,0,גוד'ס 02.25,,4462.5,80041,הוצאות שירותי תוכנה לוגיסטיקה,806,לוגיסטיקה
815344,1768979,1107,,37999,30710,"גולדנטק מערכות מידע בע""מ - goods",ספקים לשלם +לקבל חשבונית,31/03/2025,31/03/2025,28/05/2025,0,0,גוד'ס 02.25,,-4462.5,80041,הוצאות שירותי תוכנה לוגיסטיקה,806,לוגיסטיקה
815356,1769003,1108,,37999,30710,"גולדנטק מערכות מידע בע""מ - goods",ספקים לשלם +לקבל חשבונית,31/03/2025,31/03/2025,28/05/2025,0,0,גוד'ס 03.25,,-4725,80041,הוצאות שירותי תוכנה לוגיסטיקה,806,לוגיסטיקה
815358,1769007,1108,,37999,30710,"גולדנטק מערכות מידע בע""מ - goods",ספקים לשלם +לקבל חשבונית,30/05/2025,30/05/2025,28/05/2025,0,0,גוד'ס 05.25,,-4725,80041,הוצאות שירותי תוכנה לוגיסטיקה,806,לוגיסטיקה
815352,1768995,1108,,37999,30710,"גולדנטק מערכות מידע בע""מ - goods",ספקים לשלם +לקבל חשבונית,31/05/2025,31/05/2025,28/05/2025,0,0,גוד'ס 05.25,,4462.5,80041,הוצאות שירותי תוכנה לוגיסטיקה,806,לוגיסטיקה
815346,1768983,1107,,37999,30710,"גולדנטק מערכות מידע בע""מ - goods",ספקים לשלם +לקבל חשבונית,31/05/2025,31/05/2025,28/05/2025,0,0,גוד'ס 05.25,,-4462.5,80041,הוצאות שירותי תוכנה לוגיסטיקה,806,לוגיסטיקה
815345,1768982,1107,,37999,30710,"גולדנטק מערכות מידע בע""מ - goods",ספקים לשלם +לקבל חשבונית,30/04/2025,30/04/2025,28/05/2025,0,0,גוד'ס 05+06.25,,8925,80041,הוצאות שירותי תוכנה לוגיסטיקה,806,לוגיסטיקה
815357,1769006,1108,,37999,30710,"גולדנטק מערכות מידע בע""מ - goods",ספקים לשלם +לקבל חשבונית,30/04/2025,30/04/2025,28/05/2025,0,0,גוד'ס 05+06.25,,9450,80041,הוצאות שירותי תוכנה לוגיסטיקה,806,לוגיסטיקה
815351,1768994,1108,,37999,30710,"גולדנטק מערכות מידע בע""מ - goods",ספקים לשלם +לקבל חשבונית,30/04/2025,30/04/2025,28/05/2025,0,0,גוד'ס 05+06.25,,-8925,80041,הוצאות שירותי תוכנה לוגיסטיקה,806,לוגיסטיקה
815327,1768945,1106,,37999,30765,ברגר גלי,ספקים לשלם +לקבל חשבונית,31/01/2025,31/01/2025,28/05/2025,0,0,גלי ברגר 01.25,,-23000,80032,הוצאות רטיינרים שיווק,805,שיווק
815454,1769190,9997,,37126,37099,"ד.מ פוסט בע""מ",הוצאות הפקה,31/01/2025,31/01/2025,28/05/2025,0,0,ד.מ 01.25 בריף,,5900,80032,הוצאות רטיינרים שיווק,805,שיווק
815600,1769472,9997,,80041,37099,"ד.מ פוסט בע""מ",הוצאות שירותי תוכנה לוגיסטיקה,28/02/2025,28/02/2025,09/04/2025,1002,0,פלנר פרו 02.25,,5071.5,80032,הוצאות רטיינרים שיווק,805,שיווק
809894,1755752,9997,,50011,37099,"ד.מ פוסט בע""מ",הוצאות פרסום ושיווק,28/02/2025,28/02/2025,28/02/2025,0,522784,ניהול קמפיינים ממומנים,,-7000,80032,הוצאות רטיינרים שיווק,805,שיווק
806482,1747455,9997,,50011,37099,"ד.מ פוסט בע""מ",הוצאות פרסום ושיווק,03/03/2025,03/03/2025,03/03/2025,0,30092,VP MARKETING 02.25,,-23000,80032,הוצאות רטיינרים שיווק,805,שיווק
809895,1755753,9997,,50011,37099,"ד.מ פוסט בע""מ",הוצאות פרסום ושיווק,31/03/2025,31/03/2025,31/03/2025,0,522791,די דיגיטל - אלונה דורות בעמ והדר פרידמן בעמ 03/25,,-7000,80032,הוצאות רטיינרים שיווק,805,שיווק
815601,1769473,9997,,80041,37099,"ד.מ פוסט בע""מ",הוצאות שירותי תוכנה לוגיסטיקה,31/03/2025,31/03/2025,09/04/2025,1003,0,פלנר פרו 03.25,,9411.5,80032,הוצאות רטיינרים שיווק,805,שיווק
815602,1769474,9997,,80041,37099,"ד.מ פוסט בע""מ",הוצאות שירותי תוכנה לוגיסטיקה,30/04/2025,30/04/2025,14/05/2025,0,1004,פלנר- בשמת-04.25,,7175,80032,הוצאות רטיינרים שיווק,805,שיווק
815314,1768932,9997,,50011,37099,"ד.מ פוסט בע""מ",הוצאות פרסום ושיווק,30/04/2025,30/04/2025,30/04/2025,0,522809,די דיגיטל - אלונה דורות בעמ והדר פרידמן בעמ 04/25,,-7000,80032,הוצאות רטיינרים שיווק,805,שיווק
809613,1755117,1075,,37999,37099,"ד.מ פוסט בע""מ",ספקים לשלם +לקבל חשבונית,31/01/2025,31/01/2025,09/04/2025,40579,0,ד.מ פוסט 01.25,,-15000,80032,הוצאות רטיינרים שיווק,805,שיווק
809873,1755712,9997,,37999,37099,"ד.מ פוסט בע""מ",ספקים לשלם +לקבל חשבונית,31/01/2025,31/01/2025,09/04/2025,40579,0,ד.מ פוסט 01.25,,15000,80032,הוצאות רטיינרים שיווק,805,שיווק
810047,1756057,1089,,37999,37099,"ד.מ פוסט בע""מ",ספקים לשלם +לקבל חשבונית,31/01/2025,31/01/2025,28/04/2025,0,0,ד.מ 01.25,,-15000,80032,הוצאות רטיינרים שיווק,805,שיווק
815323,1768937,1106,,37999,37099,"ד.מ פוסט בע""מ",ספקים לשלם +לקבל חשבונית,31/01/2025,31/01/2025,28/05/2025,0,0,ד.מ 01.25,,-15000,80032,הוצאות רטיינרים שיווק,805,שיווק
815324,1768939,1106,,37999,37099,"ד.מ פוסט בע""מ",ספקים לשלם +לקבל חשבונית,31/01/2025,31/01/2025,28/05/2025,0,0,ד.מ 01.25 בריף,,-5900,80032,הוצאות רטיינרים שיווק,805,שיווק
815335,1768961,9997,,37999,37099,"ד.מ פוסט בע""מ",ספקים לשלם +לקבל חשבונית,31/01/2025,31/01/2025,28/05/2025,0,0,ד.מ 01.25,,15000,80032,הוצאות רטיינרים שיווק,805,שיווק
809615,1755120,1075,,37999,37099,"ד.מ פוסט בע""מ",ספקים לשלם +לקבל חשבונית,13/02/2025,13/02/2025,09/04/2025,40623,0,ד.מ פוסט 02.25,,-15000,80032,הוצאות רטיינרים שיווק,805,שיווק
815326,1768944,1106,,37999,37099,"ד.מ פוסט בע""מ",ספקים לשלם +לקבל חשבונית,14/02/2025,14/02/2025,28/05/2025,0,0,ד.מ 01.25 בריף,,5900,80032,הוצאות רטיינרים שיווק,805,שיווק
815332,1768955,1106,,37999,37099,"ד.מ פוסט בע""מ",ספקים לשלם +לקבל חשבונית,28/02/2025,28/02/2025,28/05/2025,0,0,עומר להט 02.25,,-8000,80032,הוצאות רטיינרים שיווק,805,שיווק
815329,1768949,1106,,37999,37099,"ד.מ פוסט בע""מ",ספקים לשלם +לקבל חשבונית,28/02/2025,28/02/2025,28/05/2025,0,0,גלי ברגר 02.25,,-23000,80032,הוצאות רטיינרים שיווק,805,שיווק
820430,1781292,9997,,37999,37099,"ד.מ פוסט בע""מ",ספקים לשלם +לקבל חשבונית,28/02/2025,28/02/2025,28/05/2025,0,225,ד.מ 02.25,,-15000,80032,הוצאות רטיינרים שיווק,805,שיווק
809604,1755098,1075,,37999,37099,"ד.מ פוסט בע""מ",ספקים לשלם +לקבל חשבונית,28/02/2025,28/02/2025,09/04/2025,1002,0,פלנר פרו 02.25,,-5071.5,80032,הוצאות רטיינרים שיווק,805,שיווק
815330,1768952,1106,,37999,37099,"ד.מ פוסט בע""מ",ספקים לשלם +לקבל חשבונית,01/03/2025,01/03/2025,28/05/2025,0,0,גלי ברגר 02.25,,23000,80032,הוצאות רטיינרים שיווק,805,שיווק
815331,1768954,1106,,37999,37099,"ד.מ פוסט בע""מ",ספקים לשלם +לקבל חשבונית,01/03/2025,01/03/2025,28/05/2025,0,0,עומר להט 02.25,,8000,80032,הוצאות רטיינרים שיווק,805,שיווק
810048,1756060,1089,,37999,37099,"ד.מ פוסט בע""מ",ספקים לשלם +לקבל חשבונית,17/03/2025,17/03/2025,28/04/2025,0,70431,ד.מ 01.25,,15000,80032,הוצאות רטיינרים שיווק,805,שיווק
809896,1755754,1087,,37999,37099,"ד.מ פוסט בע""מ",ספקים לשלם +לקבל חשבונית,31/03/2025,31/03/2025,23/04/2025,0,0,ד.מ פוסט 03.25,,-15000,80032,הוצאות רטיינרים שיווק,805,שיווק
809605,1755100,1075,,37999,37099,"ד.מ פוסט בע""מ",ספקים לשלם +לקבל חשבונית,31/03/2025,31/03/2025,09/04/2025,1003,0,פלנר פרו 03.25,,-9411.5,80032,הוצאות רטיינרים שיווק,805,שיווק
815325,1768942,1106,,37999,37099,"ד.מ פוסט בע""מ",ספקים לשלם +לקבל חשבונית,31/03/2025,31/03/2025,28/05/2025,0,0,ד.מ 01.25,,15000,80032,הוצאות רטיינרים שיווק,805,שיווק
814979,1768144,1097,,37999,37099,"ד.מ פוסט בע""מ",ספקים לשלם +לקבל חשבונית,07/04/2025,07/04/2025,25/05/2025,0,800000,פלאנר פרו 03.25,,9411.5,80032,הוצאות רטיינרים שיווק,805,שיווק
810049,1756062,1089,,37999,37099,"ד.מ פוסט בע""מ",ספקים לשלם +לקבל חשבונית,08/04/2025,08/04/2025,28/04/2025,0,70459,ד.מ 02.25,,15000,80032,הוצאות רטיינרים שיווק,805,שיווק
820431,1781293,9997,,37999,37099,"ד.מ פוסט בע""מ",ספקים לשלם +לקבל חשבונית,08/04/2025,08/04/2025,23/04/2025,0,0,ד.מ פוסט 03.25,,15000,80032,הוצאות רטיינרים שיווק,805,שיווק
814976,1768138,1097,,37999,37099,"ד.מ פוסט בע""מ",ספקים לשלם +לקבל חשבונית,09/04/2025,09/04/2025,25/05/2025,0,800001,פלאנר פרו 01.25,,3080,80032,הוצאות רטיינרים שיווק,805,שיווק
814977,1768140,1097,,37999,37099,"ד.מ פוסט בע""מ",ספקים לשלם +לקבל חשבונית,09/04/2025,09/04/2025,25/05/2025,0,800002,פלאנר פרו 02.25,,5071.5,80032,הוצאות רטיינרים שיווק,805,שיווק
814908,1768021,1096,,37999,37099,"ד.מ פוסט בע""מ",ספקים לשלם +לקבל חשבונית,14/04/2025,14/04/2025,14/05/2025,0,40722,ד.מ - ריטיינר 04.25,,-15000,80032,הוצאות רטיינרים שיווק,805,שיווק
814909,1768023,1096,,37999,37099,"ד.מ פוסט בע""מ",ספקים לשלם +לקבל חשבונית,30/04/2025,30/04/2025,14/05/2025,0,1004,פלנר- בשמת-04.25,,-7175,80032,הוצאות רטיינרים שיווק,805,שיווק
814965,1768115,1097,,37999,37099,"ד.מ פוסט בע""מ",ספקים לשלם +לקבל חשבונית,15/05/2025,15/05/2025,25/05/2025,0,40761,ד.מ ריטיינר 05.2025,,-15000,80032,הוצאות רטיינרים שיווק,805,שיווק
814967,1768120,1097,,37999,37099,"ד.מ פוסט בע""מ",ספקים לשלם +לקבל חשבונית,18/05/2025,18/05/2025,25/05/2025,0,70498,ד.מ ריטיינר 04.2025,,15000,80032,הוצאות רטיינרים שיווק,805,שיווק
810045,1756053,9997,,37126,37099,"ד.מ פוסט בע""מ",הוצאות הפקה,31/01/2025,31/01/2025,09/04/2025,40595,0,"ד.מ פוסט  שת""פניצן גפן",,120,50019,"הוצאות שת""פ",805,שיווק
810046,1756054,9997,,37126,37099,"ד.מ פוסט בע""מ",הוצאות הפקה,02/02/2025,02/02/2025,09/04/2025,40609,0,"ד.מ פוסט  שת""פ 02.25 ניצן גפן",,5900,50019,"הוצאות שת""פ",805,שיווק
814889,1767993,9997,,37126,37099,"ד.מ פוסט בע""מ",הוצאות הפקה,18/03/2025,18/03/2025,09/04/2025,40682,0,ד.מ פוסט  עמלת רווח ניצן בריף 01-03.25,,2271.91,50019,"הוצאות שת""פ",805,שיווק
810051,1756065,9997,,37126,37099,"ד.מ פוסט בע""מ",הוצאות הפקה,26/03/2025,26/03/2025,09/04/2025,40696,0,"ד.מ פוסט שת""פ בריף תשל' 1",,6500,50019,"הוצאות שת""פ",805,שיווק
810052,1756066,9997,,37126,37099,"ד.מ פוסט בע""מ",הוצאות הפקה,26/03/2025,26/03/2025,09/04/2025,40697,0,"ד.מ פוסט שת""פ בריף תשל' 2",,6500,50019,"הוצאות שת""פ",805,שיווק
809614,1755118,1075,,37999,37099,"ד.מ פוסט בע""מ",ספקים לשלם +לקבל חשבונית,31/01/2025,31/01/2025,09/04/2025,40595,0,"ד.מ פוסט  שת""פניצן גפן",,-120,50019,"הוצאות שת""פ",805,שיווק
809616,1755122,1075,,37999,37099,"ד.מ פוסט בע""מ",ספקים לשלם +לקבל חשבונית,02/02/2025,02/02/2025,09/04/2025,40609,0,"ד.מ פוסט  שת""פ 02.25 ניצן גפן",,-5900,50019,"הוצאות שת""פ",805,שיווק
809619,1755128,1075,,37999,37099,"ד.מ פוסט בע""מ",ספקים לשלם +לקבל חשבונית,18/03/2025,18/03/2025,09/04/2025,40682,0,ד.מ פוסט  עמלת רווח ניצן בריף,,-2271.91,50019,"הוצאות שת""פ",805,שיווק
809617,1755124,1075,,37999,37099,"ד.מ פוסט בע""מ",ספקים לשלם +לקבל חשבונית,26/03/2025,26/03/2025,09/04/2025,40696,0,"ד.מ פוסט שת""פ בריף תשל' 1",,-6500,50019,"הוצאות שת""פ",805,שיווק
809618,1755126,1075,,37999,37099,"ד.מ פוסט בע""מ",ספקים לשלם +לקבל חשבונית,26/03/2025,26/03/2025,09/04/2025,40697,0,"ד.מ פוסט שת""פ בריף תשל' 2",,-6500,50019,"הוצאות שת""פ",805,שיווק
815454,1769191,9997,,80032,37099,"ד.מ פוסט בע""מ",הוצאות רטיינרים שיווק,31/01/2025,31/01/2025,28/05/2025,0,0,ד.מ 01.25 בריף,,-5900,37126,הוצאות הפקה,805,שיווק
810045,1756055,9997,,50019,37099,"ד.מ פוסט בע""מ","הוצאות שת""פ",31/01/2025,31/01/2025,09/04/2025,40595,0,"ד.מ פוסט  שת""פניצן גפן",,-120,37126,הוצאות הפקה,805,שיווק
810046,1756056,9997,,50019,37099,"ד.מ פוסט בע""מ","הוצאות שת""פ",02/02/2025,02/02/2025,09/04/2025,40609,0,"ד.מ פוסט  שת""פ 02.25 ניצן גפן",,-5900,37126,הוצאות הפקה,805,שיווק
814889,1767994,9997,,50019,37099,"ד.מ פוסט בע""מ","הוצאות שת""פ",18/03/2025,18/03/2025,09/04/2025,40682,0,ד.מ פוסט  עמלת רווח ניצן בריף 01-03.25,,-2271.91,37126,הוצאות הפקה,805,שיווק
810051,1756067,9997,,50019,37099,"ד.מ פוסט בע""מ","הוצאות שת""פ",26/03/2025,26/03/2025,09/04/2025,40696,0,"ד.מ פוסט שת""פ בריף תשל' 1",,-6500,37126,הוצאות הפקה,805,שיווק
810052,1756068,9997,,50019,37099,"ד.מ פוסט בע""מ","הוצאות שת""פ",26/03/2025,26/03/2025,09/04/2025,40697,0,"ד.מ פוסט שת""פ בריף תשל' 2",,-6500,37126,הוצאות הפקה,805,שיווק
815452,1769187,9997,,55004,37099,"ד.מ פוסט בע""מ","הוצאות עמלות מכירה  ביי מי, וויסל",30/04/2025,30/04/2025,30/04/2025,0,15092,עמלות ממכירה 04/25 בקמפיין ModiBodi,,-1739.83,37126,הוצאות הפקה,805,שיווק
810043,1756049,9997,,37999,37099,"ד.מ פוסט בע""מ",ספקים לשלם +לקבל חשבונית,17/03/2025,17/03/2025,09/04/2025,40595,0,"ד.מ פוסט  שת""פניצן גפן",,120,37126,הוצאות הפקה,805,שיווק
810044,1756050,9997,,37999,37099,"ד.מ פוסט בע""מ",ספקים לשלם +לקבל חשבונית,17/03/2025,17/03/2025,09/04/2025,40609,0,"ד.מ פוסט  שת""פ 02.25 ניצן גפן",,5900,37126,הוצאות הפקה,805,שיווק
810050,1756064,1089,,37999,37099,"ד.מ פוסט בע""מ",ספקים לשלם +לקבל חשבונית,08/04/2025,08/04/2025,28/04/2025,0,70459,ד.מ  תשל 1,,6500,37126,הוצאות הפקה,805,שיווק
814890,1767995,1096,,37999,37099,"ד.מ פוסט בע""מ",ספקים לשלם +לקבל חשבונית,15/04/2025,15/04/2025,14/05/2025,0,70465,ד.מ עמלות רווח 01-03.25 ניצן,,-2271.91,37126,הוצאות הפקה,805,שיווק
815266,1768849,9997,,37999,37099,"ד.מ פוסט בע""מ",ספקים לשלם +לקבל חשבונית,15/04/2025,15/04/2025,09/04/2025,40682,0,ד.מ פוסט  עמלת רווח ניצן בריף,,2271.91,37126,הוצאות הפקה,805,שיווק
815267,1768851,9997,,37999,37099,"ד.מ פוסט בע""מ",ספקים לשלם +לקבל חשבונית,15/04/2025,15/04/2025,14/05/2025,0,70465,ד.מ עמלות רווח 01-03.25 ניצן,,2271.91,37126,הוצאות הפקה,805,שיווק
815487,1769235,1131,,37999,37099,"ד.מ פוסט בע""מ",ספקים לשלם +לקבל חשבונית,30/04/2025,31/05/2025,15/06/2025,41824,0,מיכל אוליברו - בסיס - אפריל,,-7000,37126,הוצאות הפקה,805,שיווק
815488,1769237,1131,,37999,37099,"ד.מ פוסט בע""מ",ספקים לשלם +לקבל חשבונית,30/04/2025,31/05/2025,15/06/2025,41824,0,מיכל אוליברו - עמלות- אפריל,,-305,37126,הוצאות הפקה,805,שיווק
815481,1769223,1131,,37999,37099,"ד.מ פוסט בע""מ",ספקים לשלם +לקבל חשבונית,30/04/2025,30/04/2025,15/06/2025,90015,0,שירנקה- סושיאל 04.25,,-8000,37126,הוצאות הפקה,805,שיווק
815482,1769225,1131,,37999,37099,"ד.מ פוסט בע""מ",ספקים לשלם +לקבל חשבונית,30/04/2025,30/04/2025,15/06/2025,90015,0,שירנקה- עמלות 04.25,,-4238.78,37126,הוצאות הפקה,805,שיווק
814883,1767981,1096,,37999,37099,"ד.מ פוסט בע""מ",ספקים לשלם +לקבל חשבונית,30/04/2025,30/04/2025,14/05/2025,0,70478,"ד.מ בגיןד.מ פוסט שת""פ בריף תשל' 2",,6500,37126,הוצאות הפקה,805,שיווק
814906,1768017,1097,,37999,37099,"ד.מ פוסט בע""מ",ספקים לשלם +לקבל חשבונית,07/05/2025,30/06/2025,14/05/2025,0,40752,ד.מ- הפקת תשדיר TVד.מ- +רדיו,,-5750,37126,הוצאות הפקה,805,שיווק
815452,1769186,9997,,37126,30345,"וויסל סחר בע""מ",הוצאות הפקה,30/04/2025,30/04/2025,30/04/2025,0,15092,עמלות ממכירה 04/25 בקמפיין ModiBodi,,1739.83,55004,"הוצאות עמלות מכירה  ביי מי, וויסל",801,מכירות
815479,1769219,1131,,37999,37093,ח.ח.ח טכנולוגיות בעמ (מיכל אוליברו),ספקים לשלם +לקבל חשבונית,31/03/2025,31/05/2025,15/06/2025,41775,0,03.25-מיכל אוליברו,,-7000,37126,הוצאות הפקה,805,שיווק
815480,1769221,1131,,37999,37093,ח.ח.ח טכנולוגיות בעמ (מיכל אוליברו),ספקים לשלם +לקבל חשבונית,31/03/2025,31/05/2025,15/06/2025,41775,0,03.25-מיכל אוליברו- עמלות,,-137.3,37126,הוצאות הפקה,805,שיווק
815489,1769239,1131,,37999,37093,ח.ח.ח טכנולוגיות בעמ (מיכל אוליברו),ספקים לשלם +לקבל חשבונית,31/05/2025,31/05/2025,15/06/2025,41859,0,מיכל אוליברו - עמלות- מאי,,-1521,37126,הוצאות הפקה,805,שיווק
815490,1769241,1131,,37999,37093,ח.ח.ח טכנולוגיות בעמ (מיכל אוליברו),ספקים לשלם +לקבל חשבונית,31/05/2025,31/05/2025,15/06/2025,41859,0,מיכל אוליברו - בסיס-מאי,,-7000,37126,הוצאות הפקה,805,שיווק
815313,1768929,9997,,37126,30799,טרסוב סטאר בעמ,הוצאות הפקה,15/01/2025,15/01/2025,19/02/2025,0,61478,טרסוב סטאר בעמ,,15000,50011,הוצאות פרסום ושיווק,805,שיווק
815313,1768930,9997,,50011,30799,טרסוב סטאר בעמ,הוצאות פרסום ושיווק,15/01/2025,15/01/2025,19/02/2025,0,61478,טרסוב סטאר בעמ,,-15000,37126,הוצאות הפקה,805,שיווק
810041,1756043,9997,,37999,37015,יובל רשף,ספקים לשלם +לקבל חשבונית,23/04/2025,23/04/2025,23/04/2025,7007,0,יובל רשף 02.25,,414,50019,"הוצאות שת""פ",805,שיווק
809612,1755114,1075,,37999,37015,יובל רשף,ספקים לשלם +לקבל חשבונית,26/02/2025,26/02/2025,09/04/2025,7007,0,יובל רשף 02.25,,-414,50011,הוצאות פרסום ושיווק,805,שיווק
815276,1768867,9997,,50003,37014,"יעקבס גבינות ולחמים בע""מ",הוצאות כיבודים,06/01/2025,06/01/2025,06/01/2025,0,20214813,"יעקבס גבינות ולחמים בע""מ 01/25",,205.5,80022,הוצאות ארוחות לעובדים,801,מכירות
815276,1768868,9997,,80022,37014,"יעקבס גבינות ולחמים בע""מ",הוצאות ארוחות לעובדים,06/01/2025,06/01/2025,06/01/2025,0,20214813,"יעקבס גבינות ולחמים בע""מ 01/25",,-205.5,50003,הוצאות כיבודים,802,משרד
815283,1768875,9997,,50004,20011,כביש 6,הוצאות נסיעות מחלקת סיטונאות,20/01/2025,20/01/2025,20/01/2025,160251383,,דרך ארץ הוראת קבע,,140.08,80100,הוצאות ליסינג רכב דרור,801,מכירות
815284,1768876,9997,,50004,20011,כביש 6,הוצאות נסיעות מחלקת סיטונאות,20/03/2025,20/03/2025,23/04/2025,150451383,0,דרך ארץ הוראת קבע,,68.69,80100,הוצאות ליסינג רכב דרור,801,מכירות
815285,1768877,9997,,50004,20011,כביש 6,הוצאות נסיעות מחלקת סיטונאות,21/04/2025,21/04/2025,25/05/2025,150551383,0,דרך ארץ הוראת קבע,,82.49,80100,הוצאות ליסינג רכב דרור,801,מכירות
815283,1768887,9997,,80100,20011,כביש 6,הוצאות ליסינג רכב דרור,20/01/2025,20/01/2025,20/01/2025,160251383,,דרך ארץ הוראת קבע,,-140.08,50004,הוצאות נסיעות מחלקת סיטונאות,801,מכירות
815284,1768888,9997,,80100,20011,כביש 6,הוצאות ליסינג רכב דרור,20/03/2025,20/03/2025,23/04/2025,150451383,0,דרך ארץ הוראת קבע,,-68.69,50004,הוצאות נסיעות מחלקת סיטונאות,801,מכירות
815285,1768889,9997,,80100,20011,כביש 6,הוצאות ליסינג רכב דרור,21/04/2025,21/04/2025,25/05/2025,150551383,0,דרך ארץ הוראת קבע,,-82.49,50004,הוצאות נסיעות מחלקת סיטונאות,801,מכירות
809846,1755655,1082,,37999,30787,"להב פיתוח מנהלים בע""מ",ספקים לשלם +לקבל חשבונית,01/03/2025,01/03/2025,23/04/2025,0,0,להב הכשרת מנהלים,,-6400,80019,הוצאות השתלמויות וקורסים,802,משרד
809847,1755657,1082,,37999,37013,"לובה שרגא בע""מ",ספקים לשלם +לקבל חשבונית,01/02/2025,01/02/2025,23/04/2025,0,0,לובה שרגא,,-4595.07,50019,"הוצאות שת""פ",805,שיווק
814886,1767986,1096,,37999,37149,לורן מיריאל שטרן,ספקים לשלם +לקבל חשבונית,30/03/2025,30/03/2025,14/05/2025,0,,מיריאל 03.25,,-399,50011,הוצאות פרסום ושיווק,805,שיווק
814887,1767989,1096,,37999,37149,לורן מיריאל שטרן,ספקים לשלם +לקבל חשבונית,20/04/2025,20/04/2025,14/05/2025,0,40078,מיריאל 03.25,,399,50011,הוצאות פרסום ושיווק,805,שיווק
815315,1768933,9997,,37126,37149,לורן מיריאל שטרן,הוצאות הפקה,18/03/2025,18/03/2025,18/03/2025,0,40074,קמפיין אינסטגרם לורן שטרן,,2500,50011,הוצאות פרסום ושיווק,805,שיווק
815315,1768934,9997,,50011,37149,לורן מיריאל שטרן,הוצאות פרסום ושיווק,18/03/2025,18/03/2025,18/03/2025,0,40074,קמפיין אינסטגרם לורן שטרן,,-2500,37126,הוצאות הפקה,805,שיווק
815296,1768899,9997,,50004,30677,ליסקאר,הוצאות נסיעות מחלקת סיטונאות,05/02/2025,05/02/2025,05/02/2025,0,21000101,מנהרות הכרמל,,55.29,81202,הוצאות נסיעות,802,משרד
806484,1747460,9997,,50005,30677,ליסקאר,הוצאות סלולר,09/01/2025,09/01/2025,19/02/2025,0,161,ליסקאר,,-100.61,80100,הוצאות ליסינג רכב דרור,801,מכירות
815278,1768870,9997,,50004,30677,ליסקאר,הוצאות נסיעות מחלקת סיטונאות,09/01/2025,09/01/2025,19/02/2025,0,161,ליסקאר,,100.61,80100,הוצאות ליסינג רכב דרור,801,מכירות
815281,1768873,9997,,50004,30677,ליסקאר,הוצאות נסיעות מחלקת סיטונאות,10/01/2025,10/01/2025,10/01/2025,22350664,,"ליסקאר רם בע""מ",,148.68,80100,הוצאות ליסינג רכב דרור,801,מכירות
815277,1768869,9997,,50004,30677,ליסקאר,הוצאות נסיעות מחלקת סיטונאות,19/01/2025,19/01/2025,19/01/2025,0,11006198,מנהרות הכרמל,,88.72,80100,הוצאות ליסינג רכב דרור,801,מכירות
815279,1768871,9997,,50004,30677,ליסקאר,הוצאות נסיעות מחלקת סיטונאות,05/03/2025,05/03/2025,05/03/2025,0,31000816,מנהרות הכרמל,,51.72,80100,הוצאות ליסינג רכב דרור,801,מכירות
815280,1768872,9997,,50004,30677,ליסקאר,הוצאות נסיעות מחלקת סיטונאות,01/04/2025,01/04/2025,01/04/2025,0,41000637,"מוקד איתור 01 / 2025,02 / 2025,03 / 2025",,133.56,80100,הוצאות ליסינג רכב דרור,801,מכירות
815282,1768874,9997,,50004,30677,ליסקאר,הוצאות נסיעות מחלקת סיטונאות,07/04/2025,07/04/2025,25/05/2025,15045845,0,סונולהחוף,,296.79,80100,הוצאות ליסינג רכב דרור,801,מכירות
815288,1768880,9997,,50004,30677,ליסקאר,הוצאות נסיעות מחלקת סיטונאות,10/04/2025,10/04/2025,23/04/2025,18643210,0,"ליסקאר רם בע""מ ליסקאר רם בע""מ",,57.57,80100,הוצאות ליסינג רכב דרור,801,מכירות
815286,1768878,9997,,50004,30677,ליסקאר,הוצאות נסיעות מחלקת סיטונאות,10/04/2025,10/04/2025,23/04/2025,22350664,0,"ליסקאר רם בע""מ ליסקאר רם בע""מ",,69.12,80100,הוצאות ליסינג רכב דרור,801,מכירות
815287,1768879,9997,,50004,30677,ליסקאר,הוצאות נסיעות מחלקת סיטונאות,10/04/2025,10/04/2025,23/04/2025,22350664,0,"ליסקאר רם בע""מ ליסקאר רם בע""מ",,57.57,80100,הוצאות ליסינג רכב דרור,801,מכירות
815272,1768859,9997,,37999,30677,ליסקאר,ספקים לשלם +לקבל חשבונית,30/04/2025,30/04/2025,14/05/2025,0,0,ליסקאר שכירות,,4798.98,80100,הוצאות ליסינג רכב דרור,801,מכירות
820429,1781290,9997,,37999,30677,ליסקאר,ספקים לשלם +לקבל חשבונית,30/04/2025,30/04/2025,14/05/2025,0,425,ליסקאר שכירות,,-4798.98,80100,הוצאות ליסינג רכב דרור,801,מכירות
814879,1767972,1096,,37999,30677,ליסקאר,ספקים לשלם +לקבל חשבונית,30/04/2025,30/04/2025,14/05/2025,0,0,ליסקאר שכירות,,-4798.98,80100,הוצאות ליסינג רכב דרור,801,מכירות
814872,1767959,1096,,37999,30677,ליסקאר,ספקים לשלם +לקבל חשבונית,05/05/2025,05/05/2025,14/05/2025,0,250510006,סולר 04.25,,1713.09,80100,הוצאות ליסינג רכב דרור,801,מכירות
814880,1767975,1096,,37999,30677,ליסקאר,ספקים לשלם +לקבל חשבונית,11/05/2025,11/05/2025,14/05/2025,0,250510019,ליסקאר שכירות,,4798.98,80100,הוצאות ליסינג רכב דרור,801,מכירות
806484,1747458,9997,,80100,30677,ליסקאר,הוצאות ליסינג רכב דרור,09/01/2025,09/01/2025,19/02/2025,0,161,ליסקאר,,100.61,50005,הוצאות סלולר,802,משרד
815278,1768882,9997,,80100,30677,ליסקאר,הוצאות ליסינג רכב דרור,09/01/2025,09/01/2025,19/02/2025,0,161,ליסקאר,,-100.61,50004,הוצאות נסיעות מחלקת סיטונאות,801,מכירות
815281,1768885,9997,,80100,30677,ליסקאר,הוצאות ליסינג רכב דרור,10/01/2025,10/01/2025,10/01/2025,22350664,,"ליסקאר רם בע""מ",,-148.68,50004,הוצאות נסיעות מחלקת סיטונאות,801,מכירות
815277,1768881,9997,,80100,30677,ליסקאר,הוצאות ליסינג רכב דרור,19/01/2025,19/01/2025,19/01/2025,0,11006198,מנהרות הכרמל,,-88.72,50004,הוצאות נסיעות מחלקת סיטונאות,801,מכירות
815296,1768900,9997,,81202,30677,ליסקאר,הוצאות נסיעות,05/02/2025,05/02/2025,05/02/2025,0,21000101,מנהרות הכרמל,,-55.29,50004,הוצאות נסיעות מחלקת סיטונאות,801,מכירות
815279,1768883,9997,,80100,30677,ליסקאר,הוצאות ליסינג רכב דרור,05/03/2025,05/03/2025,05/03/2025,0,31000816,מנהרות הכרמל,,-51.72,50004,הוצאות נסיעות מחלקת סיטונאות,801,מכירות
815282,1768886,9997,,80100,30677,ליסקאר,הוצאות ליסינג רכב דרור,07/04/2025,07/04/2025,25/05/2025,15045845,0,סונולהחוף,,-296.79,50004,הוצאות נסיעות מחלקת סיטונאות,801,מכירות
815287,1768891,9997,,80100,30677,ליסקאר,הוצאות ליסינג רכב דרור,10/04/2025,10/04/2025,23/04/2025,22350664,0,"ליסקאר רם בע""מ ליסקאר רם בע""מ",,-57.57,50004,הוצאות נסיעות מחלקת סיטונאות,801,מכירות
815288,1768892,9997,,80100,30677,ליסקאר,הוצאות ליסינג רכב דרור,10/04/2025,10/04/2025,23/04/2025,18643210,0,"ליסקאר רם בע""מ ליסקאר רם בע""מ",,-57.57,50004,הוצאות נסיעות מחלקת סיטונאות,801,מכירות
815286,1768890,9997,,80100,30677,ליסקאר,הוצאות ליסינג רכב דרור,10/04/2025,10/04/2025,23/04/2025,22350664,0,"ליסקאר רם בע""מ ליסקאר רם בע""מ",,-69.12,50004,הוצאות נסיעות מחלקת סיטונאות,801,מכירות
814877,1767968,1096,,37999,30677,ליסקאר,ספקים לשלם +לקבל חשבונית,30/04/2025,30/04/2025,14/05/2025,0,0,ליסקאר מנהרות,,-58.64,50004,הוצאות נסיעות מחלקת סיטונאות,801,מכירות
809609,1755108,1075,,37999,30782,"ליתאי ניהול שירותים בע""מ",ספקים לשלם +לקבל חשבונית,31/01/2025,31/01/2025,09/04/2025,1075,0,ליתאי רטרו ב03.25,,-2100,50009,הוצאות הנהלת חשבונות וביקורת,802,משרד
809606,1755102,1075,,37999,30783,"ליתאי ניהול שירותים בע""מ",ספקים לשלם +לקבל חשבונית,28/02/2025,28/02/2025,09/04/2025,1073,0,ליתאי 02.25,,-4500,50009,הוצאות הנהלת חשבונות וביקורת,802,משרד
809655,1755208,1075,,37999,30784,"ליתאי ניהול שירותים בע""מ",ספקים לשלם +לקבל חשבונית,19/03/2025,19/03/2025,23/04/2025,2720,0,ליתאי 02+03.25,,9000,50009,הוצאות הנהלת חשבונות וביקורת,802,משרד
809607,1755104,1075,,37999,30785,"ליתאי ניהול שירותים בע""מ",ספקים לשלם +לקבל חשבונית,31/03/2025,31/03/2025,09/04/2025,1073,0,ליתאי 03.25,,-4500,50009,הוצאות הנהלת חשבונות וביקורת,802,משרד
809608,1755106,1075,,37999,30786,"ליתאי ניהול שירותים בע""מ",ספקים לשלם +לקבל חשבונית,30/04/2025,30/04/2025,09/04/2025,1074,0,ליתאי 04.25,,-4500,50009,הוצאות הנהלת חשבונות וביקורת,802,משרד
814911,1768027,1097,,37999,30787,"ליתאי ניהול שירותים בע""מ",ספקים לשלם +לקבל חשבונית,05/05/2025,05/05/2025,14/05/2025,0,1076,ליתאי 05.25 שוטף,,-4500,50009,הוצאות הנהלת חשבונות וביקורת,802,משרד
820440,1781311,9997,,37999,30788,"ליתאי ניהול שירותים בע""מ",ספקים לשלם +לקבל חשבונית,20/05/2025,20/05/2025,09/04/2025,1074,2740,ליתאי 04.25,,4500,50009,הוצאות הנהלת חשבונות וביקורת,802,משרד
809848,1755659,1082,,37999,37119,מאיה מושל רומנו,ספקים לשלם +לקבל חשבונית,31/01/2025,31/01/2025,23/04/2025,0,0,מושל רומנו מאיה עבור:ינואר,,-10000,50019,"הוצאות שת""פ",805,שיווק
809621,1755132,1075,,37999,30785,מה משתלם בעמ,ספקים לשלם +לקבל חשבונית,31/01/2025,31/01/2025,09/04/2025,7683,0,מה משתלם 01.2025,,-15300,50019,"הוצאות שת""פ",805,שיווק
809654,1755206,1075,,37999,30785,מה משתלם בעמ,ספקים לשלם +לקבל חשבונית,15/04/2025,15/04/2025,23/04/2025,3501,0,מה משתלם 01.2025,,15300,50019,"הוצאות שת""פ",805,שיווק
809861,1755688,1083,,37999,30696,"סופר פארם בע""מ",ספקים לשלם +לקבל חשבונית,31/01/2025,31/01/2025,23/04/2025,0,0,סופרפארם מימוש מבצעי כללי ינואר ב 2025,,-18626.01,50041,הוצאות שיווק סיטונאות,804,שיווק סופרפארם
809867,1755700,1083,,37999,30696,"סופר פארם בע""מ",ספקים לשלם +לקבל חשבונית,31/01/2025,31/01/2025,23/04/2025,0,0,סופרפארם מימוש מאסטר אינסטגרם,,-8000,50041,הוצאות שיווק סיטונאות,804,שיווק סופרפארם
814985,1768155,1097,,37999,30696,"סופר פארם בע""מ",ספקים לשלם +לקבל חשבונית,31/01/2025,31/01/2025,25/05/2025,0,252091159,סופרפארם מימוש מבצעי כללי ינואר א 2025,,-10535.92,50041,הוצאות שיווק סיטונאות,804,שיווק סופרפארם
814986,1768158,1097,,37999,30696,"סופר פארם בע""מ",ספקים לשלם +לקבל חשבונית,27/02/2025,27/02/2025,25/05/2025,0,252091159,סופרפארם מימוש מבצעי כללי ינואר א 2025,,10535.92,50041,הוצאות שיווק סיטונאות,804,שיווק סופרפארם
809863,1755692,1083,,37999,30696,"סופר פארם בע""מ",ספקים לשלם +לקבל חשבונית,28/02/2025,28/02/2025,23/04/2025,0,0,סופרפארם מימוש מבצעי כללי 02.25,,-20634.76,50041,הוצאות שיווק סיטונאות,804,שיווק סופרפארם
809865,1755696,1083,,37999,30696,"סופר פארם בע""מ",ספקים לשלם +לקבל חשבונית,28/02/2025,28/02/2025,23/04/2025,0,252091441,סופרפארם מימוש מבצע פרסונל 02.25,,-782.85,50041,הוצאות שיווק סיטונאות,804,שיווק סופרפארם
815307,1768917,1105,,37999,30696,"סופר פארם בע""מ",ספקים לשלם +לקבל חשבונית,28/02/2025,28/02/2025,28/05/2025,0,0,סופרפארם פרסום בממשק עלון פברואר א כללי פברואר 2025,,-6500,50041,הוצאות שיווק סיטונאות,804,שיווק סופרפארם
809862,1755691,1083,,37999,30696,"סופר פארם בע""מ",ספקים לשלם +לקבל חשבונית,03/03/2025,03/03/2025,23/04/2025,0,252091167,סופרפארם מימוש מבצעי כללי ינואר ב 2025,,18626.01,50041,הוצאות שיווק סיטונאות,804,שיווק סופרפארם
809864,1755695,1083,,37999,30696,"סופר פארם בע""מ",ספקים לשלם +לקבל חשבונית,12/03/2025,12/03/2025,23/04/2025,0,252091412,סופרפארם מימוש מבצעי כללי 02.25,,20634.76,50041,הוצאות שיווק סיטונאות,804,שיווק סופרפארם
809868,1755703,1083,,37999,30696,"סופר פארם בע""מ",ספקים לשלם +לקבל חשבונית,13/03/2025,13/03/2025,23/04/2025,0,252091471,סופרפארם מימוש מאסטר אינסטגרם,,8000,50041,הוצאות שיווק סיטונאות,804,שיווק סופרפארם
809866,1755699,1083,,37999,30696,"סופר פארם בע""מ",ספקים לשלם +לקבל חשבונית,13/03/2025,13/03/2025,23/04/2025,0,252091441,סופרפארם  מימוש מבצע פרסונל 02.25,,782.85,50041,הוצאות שיווק סיטונאות,804,שיווק סופרפארם
810038,1756045,1089,,37999,30696,"סופר פארם בע""מ",ספקים לשלם +לקבל חשבונית,31/03/2025,31/03/2025,28/04/2025,0,0,סופרפארם מימוש מבצע כללי מרץ א 2025,,-2518.7,50041,הוצאות שיווק סיטונאות,804,שיווק סופרפארם
810053,1756069,1089,,37999,30696,"סופר פארם בע""מ",ספקים לשלם +לקבל חשבונית,31/03/2025,31/03/2025,28/04/2025,0,0,סופרפארם מימוש מבצע אונליין כללי מרץ 2025,,-2188.78,50041,הוצאות שיווק סיטונאות,804,שיווק סופרפארם
814875,1767964,1096,,37999,30696,"סופר פארם בע""מ",ספקים לשלם +לקבל חשבונית,31/03/2025,31/03/2025,14/05/2025,0,0,סופרפארם מימוש כללי 03.25,,-10240.36,50041,הוצאות שיווק סיטונאות,804,שיווק סופרפארם
815312,1768927,1105,,37999,30696,"סופר פארם בע""מ",ספקים לשלם +לקבל חשבונית,31/03/2025,31/03/2025,28/05/2025,0,0,סופרפארם פרסום במאסטר עלון מרץ א כללי מרץ 2025,,-5450,50041,הוצאות שיווק סיטונאות,804,שיווק סופרפארם
815309,1768921,1105,,37999,30696,"סופר פארם בע""מ",ספקים לשלם +לקבל חשבונית,31/03/2025,31/03/2025,28/05/2025,0,0,סופרפארם פרסום במאסטר אינסרט מרץ ב כללי מרץ 2025,,-10900,50041,הוצאות שיווק סיטונאות,804,שיווק סופרפארם
815308,1768920,1105,,37999,30696,"סופר פארם בע""מ",ספקים לשלם +לקבל חשבונית,02/04/2025,02/04/2025,28/05/2025,0,252091696,סופרפארם פרסום בממשק עלון פברואר א כללי פברואר 2025,,6500,50041,הוצאות שיווק סיטונאות,804,שיווק סופרפארם
815310,1768924,1105,,37999,30696,"סופר פארם בע""מ",ספקים לשלם +לקבל חשבונית,21/04/2025,21/04/2025,28/05/2025,0,252091974,סופרפארם פרסום במאסטר אינסרט מרץ ב כללי מרץ 2025,,10900,50041,הוצאות שיווק סיטונאות,804,שיווק סופרפארם
815311,1768926,1105,,37999,30696,"סופר פארם בע""מ",ספקים לשלם +לקבל חשבונית,21/04/2025,21/04/2025,28/05/2025,0,252091962,סופרפארם פרסום במאסטר עלון מרץ א כללי מרץ 2025,,5450,50041,הוצאות שיווק סיטונאות,804,שיווק סופרפארם
810042,1756048,1089,,37999,30696,"סופר פארם בע""מ",ספקים לשלם +לקבל חשבונית,24/04/2025,24/04/2025,28/04/2025,0,252092100,סופרפארם מימוש מבצע כללי מרץ א 2025,,2518.7,50041,הוצאות שיווק סיטונאות,804,שיווק סופרפארם
810054,1756072,1089,,37999,30696,"סופר פארם בע""מ",ספקים לשלם +לקבל חשבונית,28/04/2025,28/04/2025,28/04/2025,0,252092156,סופרפארם מימוש מבצע אונליין כללי מרץ 2025,,2188.78,50041,הוצאות שיווק סיטונאות,804,שיווק סופרפארם
814968,1768121,1097,,37999,30696,"סופר פארם בע""מ",ספקים לשלם +לקבל חשבונית,30/04/2025,30/04/2025,25/05/2025,0,252092437,סופרפארם מימוש מבצע כללי אפריל א 2025,,-1151.22,50041,הוצאות שיווק סיטונאות,804,שיווק סופרפארם
814970,1768125,1097,,37999,30696,"סופר פארם בע""מ",ספקים לשלם +לקבל חשבונית,30/04/2025,30/04/2025,25/05/2025,0,252092394,סופרפארם מימוש מבצע כללי אפריל א 2025,,-17526.53,50041,הוצאות שיווק סיטונאות,804,שיווק סופרפארם
814972,1768129,1097,,37999,30696,"סופר פארם בע""מ",ספקים לשלם +לקבל חשבונית,30/04/2025,30/04/2025,25/05/2025,0,252092458,סופרפארם מימוש מבצע כללי אפריל ב 2025,,-4017.94,50041,הוצאות שיווק סיטונאות,804,שיווק סופרפארם
814974,1768133,1097,,37999,30696,"סופר פארם בע""מ",ספקים לשלם +לקבל חשבונית,30/04/2025,30/04/2025,25/05/2025,0,252092547,סופרפארם פרסום במאסטר עיתונות כללי אפריל 2025,,-11875,50041,הוצאות שיווק סיטונאות,804,שיווק סופרפארם
814980,1768145,1097,,37999,30696,"סופר פארם בע""מ",ספקים לשלם +לקבל חשבונית,30/04/2025,30/04/2025,25/05/2025,0,252092489,סופרפארם פרסום במאסטר אינסרט אפריל א כולל לאישה כללי אפריל 2025,,-19310,50041,הוצאות שיווק סיטונאות,804,שיווק סופרפארם
814982,1768149,1097,,37999,30696,"סופר פארם בע""מ",ספקים לשלם +לקבל חשבונית,30/04/2025,30/04/2025,25/05/2025,0,252092510,סופרפארם פרסום במאסטר עלוך אפריל ב כללי אפריל 2025,,-6500,50041,הוצאות שיווק סיטונאות,804,שיווק סופרפארם
814876,1767967,1096,,37999,30696,"סופר פארם בע""מ",ספקים לשלם +לקבל חשבונית,05/05/2025,05/05/2025,14/05/2025,0,252092227,סופרפארם מימוש כללי 03.25,,10240.36,50041,הוצאות שיווק סיטונאות,804,שיווק סופרפארם
814971,1768128,1097,,37999,30696,"סופר פארם בע""מ",ספקים לשלם +לקבל חשבונית,15/05/2025,15/05/2025,25/05/2025,0,252092394,סופרפארם מימוש מבצע כללי אפריל א 2025,,17526.53,50041,הוצאות שיווק סיטונאות,804,שיווק סופרפארם
814973,1768132,1097,,37999,30696,"סופר פארם בע""מ",ספקים לשלם +לקבל חשבונית,20/05/2025,20/05/2025,25/05/2025,0,252092458,סופרפארם מימוש מבצע כללי אפריל ב 2025,,4017.94,50041,הוצאות שיווק סיטונאות,804,שיווק סופרפארם
814969,1768124,1097,,37999,30696,"סופר פארם בע""מ",ספקים לשלם +לקבל חשבונית,20/05/2025,20/05/2025,25/05/2025,0,252092437,סופרפארם מימוש מבצע כללי אפריל א 2025,,1151.22,50041,הוצאות שיווק סיטונאות,804,שיווק סופרפארם
814983,1768152,1097,,37999,30696,"סופר פארם בע""מ",ספקים לשלם +לקבל חשבונית,20/05/2025,20/05/2025,25/05/2025,0,252092510,סופרפארם פרסום במאסטר עלוך אפריל ב כללי אפריל 2025,,6500,50041,הוצאות שיווק סיטונאות,804,שיווק סופרפארם
814981,1768148,1097,,37999,30696,"סופר פארם בע""מ",ספקים לשלם +לקבל חשבונית,20/05/2025,20/05/2025,25/05/2025,0,252092489,סופרפארם פרסום במאסטר אינסרט אפריל א כולל לאישה כללי אפריל 2025,,19310,50041,הוצאות שיווק סיטונאות,804,שיווק סופרפארם
814975,1768136,1097,,37999,30696,"סופר פארם בע""מ",ספקים לשלם +לקבל חשבונית,20/05/2025,20/05/2025,25/05/2025,0,252092547,סופרפארם פרסום במאסטר עיתונות כללי אפריל 2025,,11875,50041,הוצאות שיווק סיטונאות,804,שיווק סופרפארם
820420,1781273,1138,,37999,30696,"סופר פארם בע""מ",ספקים לשלם +לקבל חשבונית,31/05/2025,31/05/2025,30/06/2025,0,252092985,סופרפארם פרסום במאסטר עלוך מאי ב כללי מאי 2025,,-15450,50041,הוצאות שיווק סיטונאות,804,שיווק סופרפארם
820423,1781279,1138,,37999,30696,"סופר פארם בע""מ",ספקים לשלם +לקבל חשבונית,31/05/2025,31/05/2025,30/06/2025,0,252092972,סופרפארם פרסום במאסטר אינסרט מאי א כולל לאישה כללי מאי 2025,,-10900,50041,הוצאות שיווק סיטונאות,804,שיווק סופרפארם
820424,1781281,1138,,37999,30696,"סופר פארם בע""מ",ספקים לשלם +לקבל חשבונית,31/05/2025,31/05/2025,30/06/2025,0,252092827,סופרפארם מימוש מבצע כללי מאי ב 2025,,-28492.93,50041,הוצאות שיווק סיטונאות,804,שיווק סופרפארם
820434,1781299,1138,,37999,30696,"סופר פארם בע""מ",ספקים לשלם +לקבל חשבונית,31/05/2025,31/05/2025,30/06/2025,0,252092872,סופר פארם מימוש מבצע אונלייך כללי מאי 2025,,-3722.25,50041,הוצאות שיווק סיטונאות,804,שיווק סופרפארם
820435,1781301,1138,,37999,30696,"סופר פארם בע""מ",ספקים לשלם +לקבל חשבונית,31/05/2025,31/05/2025,30/06/2025,0,252092819,סופר פארם מימוש מבצע כללי מאי א 2025,,-6789.2,50041,הוצאות שיווק סיטונאות,804,שיווק סופרפארם
814873,1767960,1096,,37999,30452,"סטודנט גרופ ס.ג בע""מ",ספקים לשלם +לקבל חשבונית,30/04/2025,30/04/2025,14/05/2025,0,,סטודנט 04.25,,-1889.01,50019,"הוצאות שת""פ",805,שיווק
814874,1767963,1096,,37999,30452,"סטודנט גרופ ס.ג בע""מ",ספקים לשלם +לקבל חשבונית,04/05/2025,04/05/2025,14/05/2025,0,11526,סטודנט 04.25,,1889.01,50019,"הוצאות שת""פ",805,שיווק
815491,1769243,1131,,37999,30452,"סטודנט גרופ ס.ג בע""מ",ספקים לשלם +לקבל חשבונית,31/05/2025,31/05/2025,15/06/2025,11538,0,סטודנט גרופ,,-1319,50019,"הוצאות שת""פ",805,שיווק
815333,1768957,1106,,37999,20122,עומר להט,ספקים לשלם +לקבל חשבונית,31/01/2025,31/01/2025,28/05/2025,0,0,עומר להט 01.25,,-8000,80032,הוצאות רטיינרים שיווק,805,שיווק
815334,1768960,1106,,37999,20122,עומר להט,ספקים לשלם +לקבל חשבונית,01/02/2025,01/02/2025,28/05/2025,0,0,עומר להט 01.25,,8000,80032,הוצאות רטיינרים שיווק,805,שיווק
815337,1768964,9997,,50028,30780,ענבר בן חור,הוצאות הובלה,27/02/2025,27/02/2025,27/02/2025,0,400039,ספירות במחסן - שעתי,,322,45010,הוצאות משלוחים והובלות,806,לוגיסטיקה
815268,1768853,1102,,37999,30789,"פזמ שיווק ופרסום בע""מ",ספקים לשלם +לקבל חשבונית,28/02/2025,28/02/2025,25/05/2025,0,0,פזמ 02.2025,,-20000,37126,הוצאות הפקה,805,שיווק
815269,1768855,1102,,37999,30789,"פזמ שיווק ופרסום בע""מ",ספקים לשלם +לקבל חשבונית,28/02/2025,28/02/2025,25/05/2025,0,0,פזמ 03.2025,,-20000,37126,הוצאות הפקה,805,שיווק
810024,1756013,9997,,50012,37068,"פולסים בע""מ -50012-הוצ' אימייל מרקטינג",הוצאות אימייל מרקטינג,31/01/2025,31/01/2025,23/04/2025,0,0,פולסים 01.25,,1239,80044,הוצאות דיוור סמס,805,שיווק
810023,1756012,9997,,50012,37068,"פולסים בע""מ -50012-הוצ' אימייל מרקטינג",הוצאות אימייל מרקטינג,04/03/2025,04/03/2025,04/03/2025,0,47865,"פולסים בע""מ 02.25",,621.84,80044,הוצאות דיוור סמס,805,שיווק
810025,1756014,9997,,50012,37068,"פולסים בע""מ -50012-הוצ' אימייל מרקטינג",הוצאות אימייל מרקטינג,31/03/2025,31/03/2025,23/04/2025,0,0,פולסים 03.25,,1866,80044,הוצאות דיוור סמס,805,שיווק
809869,1755704,1086,,37999,37068,"פולסים בע""מ -50012-הוצ' אימייל מרקטינג",ספקים לשלם +לקבל חשבונית,31/01/2025,31/01/2025,23/04/2025,0,0,פולסים 01.25,,-1239,80044,הוצאות דיוור סמס,805,שיווק
809870,1755707,1086,,37999,37068,"פולסים בע""מ -50012-הוצ' אימייל מרקטינג",ספקים לשלם +לקבל חשבונית,15/02/2025,15/02/2025,23/04/2025,0,0,פולסים 01.25,,1239,80044,הוצאות דיוור סמס,805,שיווק
809871,1755708,1086,,37999,37068,"פולסים בע""מ -50012-הוצ' אימייל מרקטינג",ספקים לשלם +לקבל חשבונית,28/02/2025,28/02/2025,23/04/2025,0,0,פולסים 02.25,,-624,80044,הוצאות דיוור סמס,805,שיווק
809898,1755758,9997,,37999,37068,"פולסים בע""מ -50012-הוצ' אימייל מרקטינג",ספקים לשלם +לקבל חשבונית,04/03/2025,04/03/2025,04/03/2025,0,0,פולסים 02.25,,624,80044,הוצאות דיוור סמס,805,שיווק
809872,1755710,1086,,37999,37068,"פולסים בע""מ -50012-הוצ' אימייל מרקטינג",ספקים לשלם +לקבל חשבונית,31/03/2025,31/03/2025,23/04/2025,0,0,פולסים 03.25,,-1866,80044,הוצאות דיוור סמס,805,שיווק
810024,1756016,9997,,80044,37068,"פולסים בע""מ -50012-הוצ' אימייל מרקטינג",הוצאות דיוור סמס,31/01/2025,31/01/2025,23/04/2025,0,0,פולסים 01.25,,-1239,50012,הוצאות אימייל מרקטינג,805,שיווק
810023,1756015,9997,,80044,37068,"פולסים בע""מ -50012-הוצ' אימייל מרקטינג",הוצאות דיוור סמס,04/03/2025,04/03/2025,04/03/2025,0,47865,"פולסים בע""מ 02.25",,-621.84,50012,הוצאות אימייל מרקטינג,805,שיווק
810025,1756017,9997,,80044,37068,"פולסים בע""מ -50012-הוצ' אימייל מרקטינג",הוצאות דיוור סמס,31/03/2025,31/03/2025,23/04/2025,0,0,פולסים 03.25,,-1866,50012,הוצאות אימייל מרקטינג,805,שיווק
814907,1768019,1096,,37999,37068,"פולסים בע""מ -50012-הוצ' אימייל מרקטינג",ספקים לשלם +לקבל חשבונית,30/04/2025,30/04/2025,14/05/2025,0,44582,פולסים 04.2025,,-1839.98,50012,הוצאות אימייל מרקטינג,805,שיווק
815271,1768858,1102,,37999,30789,"פזמ שיווק ופרסום בע""מ",ספקים לשלם +לקבל חשבונית,15/05/2025,15/05/2025,25/05/2025,0,500976,פזמ 02+03.25,,40000,37126,הוצאות הפקה,805,שיווק
814892,1767997,1096,,37999,20097,"פיי פלוס בע""מ",ספקים לשלם +לקבל חשבונית,31/01/2025,31/01/2025,14/05/2025,0,0,פייפלוס 01.25,,-3185.13,80038,הוצאות ספקי אתר,801,מכירות
814896,1768000,1096,,37999,20097,"פיי פלוס בע""מ",ספקים לשלם +לקבל חשבונית,01/02/2025,01/02/2025,14/05/2025,0,227681,פייפלוס 01.25,,3185.13,80038,הוצאות ספקי אתר,801,מכירות
814897,1768001,1096,,37999,20097,"פיי פלוס בע""מ",ספקים לשלם +לקבל חשבונית,28/02/2025,28/02/2025,14/05/2025,0,0,פייפלוס 02.25,,-3206.57,80038,הוצאות ספקי אתר,801,מכירות
814898,1768004,1096,,37999,20097,"פיי פלוס בע""מ",ספקים לשלם +לקבל חשבונית,01/03/2025,01/03/2025,14/05/2025,0,233943,פייפלוס 02.25,,3206.57,80038,הוצאות ספקי אתר,801,מכירות
814899,1768005,1096,,37999,20097,"פיי פלוס בע""מ",ספקים לשלם +לקבל חשבונית,31/03/2025,31/03/2025,14/05/2025,0,0,פייפלוס 03.25,,-3373.53,80038,הוצאות ספקי אתר,801,מכירות
814900,1768008,1096,,37999,20097,"פיי פלוס בע""מ",ספקים לשלם +לקבל חשבונית,01/04/2025,01/04/2025,14/05/2025,0,245263,פייפלוס 03.25,,3373.53,80038,הוצאות ספקי אתר,801,מכירות
814901,1768009,1096,,37999,20097,"פיי פלוס בע""מ",ספקים לשלם +לקבל חשבונית,30/04/2025,30/04/2025,14/05/2025,0,0,פייפלוס 04.25,,-5485.47,80038,הוצאות ספקי אתר,801,מכירות
814902,1768012,1096,,37999,20097,"פיי פלוס בע""מ",ספקים לשלם +לקבל חשבונית,01/05/2025,01/05/2025,14/05/2025,0,251846,פייפלוס 04.25,,5485.47,80038,הוצאות ספקי אתר,801,מכירות
820438,1781307,1138,,37999,20097,"פיי פלוס בע""מ",ספקים לשלם +לקבל חשבונית,31/05/2025,31/05/2025,30/06/2025,0,258891,פאי פלוס 05.25,,-5619.86,80038,הוצאות ספקי אתר,801,מכירות
806487,1747463,9997,,45010,20035,"פלאנט שילוח ולוגיסטיקה בע""מ",הוצאות משלוחים והובלות,13/01/2025,13/01/2025,19/02/2025,,139,פלנט -Modibodi UK,,2637.51,50028,הוצאות הובלה,802,משרד
806489,1747465,9997,,45010,20035,"פלאנט שילוח ולוגיסטיקה בע""מ",הוצאות משלוחים והובלות,13/01/2025,13/01/2025,19/02/2025,140,369911448,Modibodi UK Ltd,,8085.12,50028,הוצאות הובלה,802,משרד
806488,1747464,9997,,45010,20035,"פלאנט שילוח ולוגיסטיקה בע""מ",הוצאות משלוחים והובלות,19/01/2025,19/01/2025,19/02/2025,244,366417101,Modibodi UK Ltd,,17326.02,50028,הוצאות הובלה,802,משרד
815339,1768970,9997,,45010,20035,"פלאנט שילוח ולוגיסטיקה בע""מ",הוצאות משלוחים והובלות,31/01/2025,31/01/2025,31/01/2025,0,412500555,"קונטרם חייב מע""מ",,-546.15,50028,הוצאות הובלה,802,משרד
815337,1768968,9997,,45010,20035,"פלאנט שילוח ולוגיסטיקה בע""מ",הוצאות משלוחים והובלות,27/02/2025,27/02/2025,27/02/2025,0,400039,ספירות במחסן - שעתי,,-322,50028,הוצאות הובלה,802,משרד
806494,1747488,9997,,45003,20035,"פלאנט שילוח ולוגיסטיקה בע""מ",הוצאות יבוא,06/01/2025,06/01/2025,19/02/2025,0,369911448,Modibodi UK Ltd,,-89,45010,הוצאות משלוחים והובלות,806,לוגיסטיקה
806511,1747505,9997,,45003,20035,"פלאנט שילוח ולוגיסטיקה בע""מ",הוצאות יבוא,06/01/2025,06/01/2025,19/02/2025,0,369911448,Modibodi UK Ltd,,89,45010,הוצאות משלוחים והובלות,806,לוגיסטיקה
806492,1747486,9997,,45003,20035,"פלאנט שילוח ולוגיסטיקה בע""מ",הוצאות יבוא,13/01/2025,13/01/2025,19/02/2025,0,366417101,Modibodi UK Ltd,,-89,45010,הוצאות משלוחים והובלות,806,לוגיסטיקה
806512,1747506,9997,,45003,20035,"פלאנט שילוח ולוגיסטיקה בע""מ",הוצאות יבוא,13/01/2025,13/01/2025,19/02/2025,140,369911448,Modibodi UK Ltd,,2177.94,45010,הוצאות משלוחים והובלות,806,לוגיסטיקה
806509,1747503,9997,,45003,20035,"פלאנט שילוח ולוגיסטיקה בע""מ",הוצאות יבוא,13/01/2025,13/01/2025,19/02/2025,0,366417101,Modibodi UK Ltd,,89,45010,הוצאות משלוחים והובלות,806,לוגיסטיקה
806506,1747500,9997,,45003,20035,"פלאנט שילוח ולוגיסטיקה בע""מ",הוצאות יבוא,13/01/2025,13/01/2025,19/02/2025,140,369911448,Modibodi UK Ltd,,8085.12,45010,הוצאות משלוחים והובלות,806,לוגיסטיקה
806489,1747469,9997,,50028,20035,"פלאנט שילוח ולוגיסטיקה בע""מ",הוצאות הובלה,13/01/2025,13/01/2025,19/02/2025,140,369911448,Modibodi UK Ltd,,-8085.12,45010,הוצאות משלוחים והובלות,806,לוגיסטיקה
806495,1747489,9997,,45003,20035,"פלאנט שילוח ולוגיסטיקה בע""מ",הוצאות יבוא,13/01/2025,13/01/2025,19/02/2025,140,369911448,Modibodi UK Ltd,,-2177.94,45010,הוצאות משלוחים והובלות,806,לוגיסטיקה
806493,1747487,9997,,45003,20035,"פלאנט שילוח ולוגיסטיקה בע""מ",הוצאות יבוא,19/01/2025,19/01/2025,19/02/2025,244,366417101,Modibodi UK Ltd,,-3519.72,45010,הוצאות משלוחים והובלות,806,לוגיסטיקה
806505,1747499,9997,,45003,20035,"פלאנט שילוח ולוגיסטיקה בע""מ",הוצאות יבוא,19/01/2025,19/01/2025,19/02/2025,244,366417101,Modibodi UK Ltd,,17326.02,45010,הוצאות משלוחים והובלות,806,לוגיסטיקה
806510,1747504,9997,,45003,20035,"פלאנט שילוח ולוגיסטיקה בע""מ",הוצאות יבוא,19/01/2025,19/01/2025,19/02/2025,244,366417101,Modibodi UK Ltd,,3519.72,45010,הוצאות משלוחים והובלות,806,לוגיסטיקה
806488,1747468,9997,,50028,20035,"פלאנט שילוח ולוגיסטיקה בע""מ",הוצאות הובלה,19/01/2025,19/01/2025,19/02/2025,244,366417101,Modibodi UK Ltd,,-17326.02,45010,הוצאות משלוחים והובלות,806,לוגיסטיקה
806513,1747507,9997,,45003,20035,"פלאנט שילוח ולוגיסטיקה בע""מ",הוצאות יבוא,18/02/2025,18/02/2025,23/03/2025,372675678,412500807,פלאנט הוצ' 18.02.25,,16401.8,45010,הוצאות משלוחים והובלות,806,לוגיסטיקה
806496,1747490,9997,,45003,20035,"פלאנט שילוח ולוגיסטיקה בע""מ",הוצאות יבוא,18/02/2025,18/02/2025,23/03/2025,372675678,412500807,פלאנט הוצ' 18.02.25,,-16401.8,45010,הוצאות משלוחים והובלות,806,לוגיסטיקה
806515,1747509,9997,,45003,20035,"פלאנט שילוח ולוגיסטיקה בע""מ",הוצאות יבוא,20/03/2025,20/03/2025,23/03/2025,376648918,412501465,פלאנט הוצ' 20.03.25,,5646.93,45010,הוצאות משלוחים והובלות,806,לוגיסטיקה
806518,1747512,9997,,45003,20035,"פלאנט שילוח ולוגיסטיקה בע""מ",הוצאות יבוא,20/03/2025,20/03/2025,23/03/2025,375706827,412501466,פלאנט הוצ' 20.03.25,,15551.99,45010,הוצאות משלוחים והובלות,806,לוגיסטיקה
806501,1747495,9997,,45003,20035,"פלאנט שילוח ולוגיסטיקה בע""מ",הוצאות יבוא,20/03/2025,20/03/2025,23/03/2025,375706827,412501466,פלאנט הוצ' 20.03.25,,-15551.99,45010,הוצאות משלוחים והובלות,806,לוגיסטיקה
806498,1747492,9997,,45003,20035,"פלאנט שילוח ולוגיסטיקה בע""מ",הוצאות יבוא,20/03/2025,20/03/2025,23/03/2025,376648918,412501465,פלאנט הוצ' 20.03.25,,-5646.93,45010,הוצאות משלוחים והובלות,806,לוגיסטיקה
806497,1747491,9997,,45003,20035,"פלאנט שילוח ולוגיסטיקה בע""מ",הוצאות יבוא,05/02/2025,05/02/2025,23/03/2025,0,372675678,פלאנט רשומון 18.02.25,,-89,45010,הוצאות משלוחים והובלות,806,לוגיסטיקה
806514,1747508,9997,,45003,20035,"פלאנט שילוח ולוגיסטיקה בע""מ",הוצאות יבוא,05/02/2025,05/02/2025,23/03/2025,0,372675678,פלאנט רשומון 18.02.25,,89,45010,הוצאות משלוחים והובלות,806,לוגיסטיקה
806499,1747493,9997,,45003,20035,"פלאנט שילוח ולוגיסטיקה בע""מ",הוצאות יבוא,17/03/2025,17/03/2025,23/03/2025,0,376648918,פלאנט רשומון 20.03.25,,-89,45010,הוצאות משלוחים והובלות,806,לוגיסטיקה
806500,1747494,9997,,45003,20035,"פלאנט שילוח ולוגיסטיקה בע""מ",הוצאות יבוא,17/03/2025,17/03/2025,23/03/2025,375706827,375706827,פלאנט רשומון 20.03.25,,-89,45010,הוצאות משלוחים והובלות,806,לוגיסטיקה
806517,1747511,9997,,45003,20035,"פלאנט שילוח ולוגיסטיקה בע""מ",הוצאות יבוא,17/03/2025,17/03/2025,23/03/2025,375706827,375706827,פלאנט רשומון 20.03.25,,89,45010,הוצאות משלוחים והובלות,806,לוגיסטיקה
806516,1747510,9997,,45003,20035,"פלאנט שילוח ולוגיסטיקה בע""מ",הוצאות יבוא,17/03/2025,17/03/2025,23/03/2025,0,376648918,פלאנט רשומון 20.03.25,,89,45010,הוצאות משלוחים והובלות,806,לוגיסטיקה
806502,1747496,9997,,45003,20035,"פלאנט שילוח ולוגיסטיקה בע""מ",הוצאות יבוא,19/01/2025,19/01/2025,23/02/2025,0,236,"פלאנט שילוח ולוגיסטיקה בע""מ",,-1107.52,45010,הוצאות משלוחים והובלות,806,לוגיסטיקה
806519,1747513,9997,,45003,20035,"פלאנט שילוח ולוגיסטיקה בע""מ",הוצאות יבוא,19/01/2025,19/01/2025,23/02/2025,0,236,"פלאנט שילוח ולוגיסטיקה בע""מ",,1107.52,45010,הוצאות משלוחים והובלות,806,לוגיסטיקה
806294,1747072,9997,,45003,20035,"פלאנט שילוח ולוגיסטיקה בע""מ",הוצאות יבוא,19/01/2025,19/01/2025,23/02/2025,0,236,"פלאנט שילוח ולוגיסטיקה בע""מ",,1107.52,45010,הוצאות משלוחים והובלות,806,לוגיסטיקה
806507,1747501,9997,,45003,20035,"פלאנט שילוח ולוגיסטיקה בע""מ",הוצאות יבוא,06/01/2025,06/01/2025,19/02/2025,0,372672481,פלנט -Modibodi UK,,89,45010,הוצאות משלוחים והובלות,806,לוגיסטיקה
806490,1747484,9997,,45003,20035,"פלאנט שילוח ולוגיסטיקה בע""מ",הוצאות יבוא,06/01/2025,06/01/2025,19/02/2025,0,372672481,פלנט -Modibodi UK,,-89,45010,הוצאות משלוחים והובלות,806,לוגיסטיקה
806491,1747485,9997,,45003,20035,"פלאנט שילוח ולוגיסטיקה בע""מ",הוצאות יבוא,13/01/2025,13/01/2025,19/02/2025,0,139,פלנט -Modibodi UK,,-1320.65,45010,הוצאות משלוחים והובלות,806,לוגיסטיקה
806487,1747467,9997,,50028,20035,"פלאנט שילוח ולוגיסטיקה בע""מ",הוצאות הובלה,13/01/2025,13/01/2025,19/02/2025,,139,פלנט -Modibodi UK,,-2637.51,45010,הוצאות משלוחים והובלות,806,לוגיסטיקה
806508,1747502,9997,,45003,20035,"פלאנט שילוח ולוגיסטיקה בע""מ",הוצאות יבוא,13/01/2025,13/01/2025,19/02/2025,0,139,פלנט -Modibodi UK,,1320.65,45010,הוצאות משלוחים והובלות,806,לוגיסטיקה
806504,1747498,9997,,45003,20035,"פלאנט שילוח ולוגיסטיקה בע""מ",הוצאות יבוא,13/01/2025,13/01/2025,19/02/2025,,139,פלנט -Modibodi UK,,2637.51,45010,הוצאות משלוחים והובלות,806,לוגיסטיקה
815339,1768966,9997,,50028,20035,"פלאנט שילוח ולוגיסטיקה בע""מ",הוצאות הובלה,31/01/2025,31/01/2025,31/01/2025,0,412500555,"קונטרם חייב מע""מ",,546.15,45010,הוצאות משלוחים והובלות,806,לוגיסטיקה
806503,1747497,9997,,45003,20035,"פלאנט שילוח ולוגיסטיקה בע""מ",הוצאות יבוא,31/01/2025,31/01/2025,31/01/2025,0,412500555,"קונטרם חייב מע""מ",,-546.15,45010,הוצאות משלוחים והובלות,806,לוגיסטיקה
806494,1747474,9997,,45010,20035,"פלאנט שילוח ולוגיסטיקה בע""מ",הוצאות משלוחים והובלות,06/01/2025,06/01/2025,19/02/2025,0,369911448,Modibodi UK Ltd,,89,45003,הוצאות יבוא סחורות,800,עלות המכר
806507,1747517,9997,,45010,20035,"פלאנט שילוח ולוגיסטיקה בע""מ",הוצאות משלוחים והובלות,06/01/2025,06/01/2025,19/02/2025,0,372672481,פלנט -Modibodi UK,,-89,45003,הוצאות יבוא סחורות,800,עלות המכר
806511,1747521,9997,,45010,20035,"פלאנט שילוח ולוגיסטיקה בע""מ",הוצאות משלוחים והובלות,06/01/2025,06/01/2025,19/02/2025,0,369911448,Modibodi UK Ltd,,-89,45003,הוצאות יבוא סחורות,800,עלות המכר
806490,1747470,9997,,45010,20035,"פלאנט שילוח ולוגיסטיקה בע""מ",הוצאות משלוחים והובלות,06/01/2025,06/01/2025,19/02/2025,0,372672481,פלנט -Modibodi UK,,89,45003,הוצאות יבוא סחורות,800,עלות המכר
806491,1747471,9997,,45010,20035,"פלאנט שילוח ולוגיסטיקה בע""מ",הוצאות משלוחים והובלות,13/01/2025,13/01/2025,19/02/2025,0,139,פלנט -Modibodi UK,,1320.65,45003,הוצאות יבוא סחורות,800,עלות המכר
806508,1747518,9997,,45010,20035,"פלאנט שילוח ולוגיסטיקה בע""מ",הוצאות משלוחים והובלות,13/01/2025,13/01/2025,19/02/2025,0,139,פלנט -Modibodi UK,,-1320.65,45003,הוצאות יבוא סחורות,800,עלות המכר
806509,1747519,9997,,45010,20035,"פלאנט שילוח ולוגיסטיקה בע""מ",הוצאות משלוחים והובלות,13/01/2025,13/01/2025,19/02/2025,0,366417101,Modibodi UK Ltd,,-89,45003,הוצאות יבוא סחורות,800,עלות המכר
806504,1747514,9997,,45010,20035,"פלאנט שילוח ולוגיסטיקה בע""מ",הוצאות משלוחים והובלות,13/01/2025,13/01/2025,19/02/2025,,139,פלנט -Modibodi UK,,-2637.51,45003,הוצאות יבוא סחורות,800,עלות המכר
806506,1747516,9997,,45010,20035,"פלאנט שילוח ולוגיסטיקה בע""מ",הוצאות משלוחים והובלות,13/01/2025,13/01/2025,19/02/2025,140,369911448,Modibodi UK Ltd,,-8085.12,45003,הוצאות יבוא סחורות,800,עלות המכר
806495,1747475,9997,,45010,20035,"פלאנט שילוח ולוגיסטיקה בע""מ",הוצאות משלוחים והובלות,13/01/2025,13/01/2025,19/02/2025,140,369911448,Modibodi UK Ltd,,2177.94,45003,הוצאות יבוא סחורות,800,עלות המכר
806492,1747472,9997,,45010,20035,"פלאנט שילוח ולוגיסטיקה בע""מ",הוצאות משלוחים והובלות,13/01/2025,13/01/2025,19/02/2025,0,366417101,Modibodi UK Ltd,,89,45003,הוצאות יבוא סחורות,800,עלות המכר
806512,1747522,9997,,45010,20035,"פלאנט שילוח ולוגיסטיקה בע""מ",הוצאות משלוחים והובלות,13/01/2025,13/01/2025,19/02/2025,140,369911448,Modibodi UK Ltd,,-2177.94,45003,הוצאות יבוא סחורות,800,עלות המכר
806510,1747520,9997,,45010,20035,"פלאנט שילוח ולוגיסטיקה בע""מ",הוצאות משלוחים והובלות,19/01/2025,19/01/2025,19/02/2025,244,366417101,Modibodi UK Ltd,,-3519.72,45003,הוצאות יבוא סחורות,800,עלות המכר
806519,1747529,9997,,45010,20035,"פלאנט שילוח ולוגיסטיקה בע""מ",הוצאות משלוחים והובלות,19/01/2025,19/01/2025,23/02/2025,0,236,"פלאנט שילוח ולוגיסטיקה בע""מ",,-1107.52,45003,הוצאות יבוא סחורות,800,עלות המכר
806493,1747473,9997,,45010,20035,"פלאנט שילוח ולוגיסטיקה בע""מ",הוצאות משלוחים והובלות,19/01/2025,19/01/2025,19/02/2025,244,366417101,Modibodi UK Ltd,,3519.72,45003,הוצאות יבוא סחורות,800,עלות המכר
806505,1747515,9997,,45010,20035,"פלאנט שילוח ולוגיסטיקה בע""מ",הוצאות משלוחים והובלות,19/01/2025,19/01/2025,19/02/2025,244,366417101,Modibodi UK Ltd,,-17326.02,45003,הוצאות יבוא סחורות,800,עלות המכר
806502,1747482,9997,,45010,20035,"פלאנט שילוח ולוגיסטיקה בע""מ",הוצאות משלוחים והובלות,19/01/2025,19/01/2025,23/02/2025,0,236,"פלאנט שילוח ולוגיסטיקה בע""מ",,1107.52,45003,הוצאות יבוא סחורות,800,עלות המכר
806294,1747073,9997,,45010,20035,"פלאנט שילוח ולוגיסטיקה בע""מ",הוצאות משלוחים והובלות,19/01/2025,19/01/2025,23/02/2025,0,236,"פלאנט שילוח ולוגיסטיקה בע""מ",,-1107.52,45003,הוצאות יבוא סחורות,800,עלות המכר
806503,1747483,9997,,45010,20035,"פלאנט שילוח ולוגיסטיקה בע""מ",הוצאות משלוחים והובלות,31/01/2025,31/01/2025,31/01/2025,0,412500555,"קונטרם חייב מע""מ",,546.15,45003,הוצאות יבוא סחורות,800,עלות המכר
806497,1747477,9997,,45010,20035,"פלאנט שילוח ולוגיסטיקה בע""מ",הוצאות משלוחים והובלות,05/02/2025,05/02/2025,23/03/2025,0,372675678,פלאנט רשומון 18.02.25,,89,45003,הוצאות יבוא סחורות,800,עלות המכר
806514,1747524,9997,,45010,20035,"פלאנט שילוח ולוגיסטיקה בע""מ",הוצאות משלוחים והובלות,05/02/2025,05/02/2025,23/03/2025,0,372675678,פלאנט רשומון 18.02.25,,-89,45003,הוצאות יבוא סחורות,800,עלות המכר
806513,1747523,9997,,45010,20035,"פלאנט שילוח ולוגיסטיקה בע""מ",הוצאות משלוחים והובלות,18/02/2025,18/02/2025,23/03/2025,372675678,412500807,פלאנט הוצ' 18.02.25,,-16401.8,45003,הוצאות יבוא סחורות,800,עלות המכר
806496,1747476,9997,,45010,20035,"פלאנט שילוח ולוגיסטיקה בע""מ",הוצאות משלוחים והובלות,18/02/2025,18/02/2025,23/03/2025,372675678,412500807,פלאנט הוצ' 18.02.25,,16401.8,45003,הוצאות יבוא סחורות,800,עלות המכר
806499,1747479,9997,,45010,20035,"פלאנט שילוח ולוגיסטיקה בע""מ",הוצאות משלוחים והובלות,17/03/2025,17/03/2025,23/03/2025,0,376648918,פלאנט רשומון 20.03.25,,89,45003,הוצאות יבוא סחורות,800,עלות המכר
806500,1747480,9997,,45010,20035,"פלאנט שילוח ולוגיסטיקה בע""מ",הוצאות משלוחים והובלות,17/03/2025,17/03/2025,23/03/2025,375706827,375706827,פלאנט רשומון 20.03.25,,89,45003,הוצאות יבוא סחורות,800,עלות המכר
806516,1747526,9997,,45010,20035,"פלאנט שילוח ולוגיסטיקה בע""מ",הוצאות משלוחים והובלות,17/03/2025,17/03/2025,23/03/2025,0,376648918,פלאנט רשומון 20.03.25,,-89,45003,הוצאות יבוא סחורות,800,עלות המכר
806517,1747527,9997,,45010,20035,"פלאנט שילוח ולוגיסטיקה בע""מ",הוצאות משלוחים והובלות,17/03/2025,17/03/2025,23/03/2025,375706827,375706827,פלאנט רשומון 20.03.25,,-89,45003,הוצאות יבוא סחורות,800,עלות המכר
806515,1747525,9997,,45010,20035,"פלאנט שילוח ולוגיסטיקה בע""מ",הוצאות משלוחים והובלות,20/03/2025,20/03/2025,23/03/2025,376648918,412501465,פלאנט הוצ' 20.03.25,,-5646.93,45003,הוצאות יבוא סחורות,800,עלות המכר
806518,1747528,9997,,45010,20035,"פלאנט שילוח ולוגיסטיקה בע""מ",הוצאות משלוחים והובלות,20/03/2025,20/03/2025,23/03/2025,375706827,412501466,פלאנט הוצ' 20.03.25,,-15551.99,45003,הוצאות יבוא סחורות,800,עלות המכר
806501,1747481,9997,,45010,20035,"פלאנט שילוח ולוגיסטיקה בע""מ",הוצאות משלוחים והובלות,20/03/2025,20/03/2025,23/03/2025,375706827,412501466,פלאנט הוצ' 20.03.25,,15551.99,45003,הוצאות יבוא סחורות,800,עלות המכר
806498,1747478,9997,,45010,20035,"פלאנט שילוח ולוגיסטיקה בע""מ",הוצאות משלוחים והובלות,20/03/2025,20/03/2025,23/03/2025,376648918,412501465,פלאנט הוצ' 20.03.25,,5646.93,45003,הוצאות יבוא סחורות,800,עלות המכר
814988,1768162,1097,,37999,20035,"פלאנט שילוח ולוגיסטיקה בע""מ",ספקים לשלם +לקבל חשבונית,28/02/2025,28/02/2025,25/05/2025,0,412502187,פלאנט הוצ' שילוח עבור 6493-02.2025,,-15073.06,45003,הוצאות יבוא סחורות,800,עלות המכר
814888,1767990,1096,,37999,20035,"פלאנט שילוח ולוגיסטיקה בע""מ",ספקים לשלם +לקבל חשבונית,16/04/2025,16/04/2025,14/05/2025,0,390418037,רשומון DHL,,-89,45003,הוצאות יבוא סחורות,800,עלות המכר
815263,1768843,9997,,37999,20035,"פלאנט שילוח ולוגיסטיקה בע""מ",ספקים לשלם +לקבל חשבונית,16/04/2025,16/04/2025,14/05/2025,0,390418037,רשומון DHL,,3083,45003,הוצאות יבוא סחורות,800,עלות המכר
814989,1768165,1097,,37999,20035,"פלאנט שילוח ולוגיסטיקה בע""מ",ספקים לשלם +לקבל חשבונית,24/04/2025,24/04/2025,25/05/2025,0,412502187,פלאנט הוצ' שילוח עבור 6493-02.2025,,15073.06,45003,הוצאות יבוא סחורות,800,עלות המכר
815599,1769471,9997,,80041,30789,"פזמ שיווק ופרסום בע""מ",הוצאות שירותי תוכנה לוגיסטיקה,31/01/2025,31/01/2025,09/04/2025,1001,0,פלנר פרו 01.25,,3080,80032,הוצאות רטיינרים שיווק,805,שיווק
809603,1755096,1075,,37999,30789,"פזמ שיווק ופרסום בע""מ",ספקים לשלם +לקבל חשבונית,31/01/2025,31/01/2025,09/04/2025,1001,0,פלנר פרו 01.25,,-3080,80032,הוצאות רטיינרים שיווק,805,שיווק
809876,1755714,9997,,50004,20010,פנגו,הוצאות נסיעות מחלקת סיטונאות,19/01/2025,19/01/2025,19/02/2025,0,87623,פנגו,,411.41,50042,הוצאות חניה,802,משרד
809877,1755716,9997,,50004,20010,פנגו,הוצאות נסיעות מחלקת סיטונאות,29/01/2025,29/01/2025,29/01/2025,160251383,14,פנגו-חניונים,,69.64,50042,הוצאות חניה,802,משרד
809880,1755722,9997,,50004,20010,פנגו,הוצאות נסיעות מחלקת סיטונאות,19/02/2025,19/02/2025,23/04/2025,0,0,חניה,,677.68,50042,הוצאות חניה,802,משרד
809879,1755720,9997,,50041,20010,פנגו,הוצאות שיווק סיטונאות,27/02/2025,27/02/2025,27/02/2025,0,177110586,פנגו 02/25,,118.7,50042,הוצאות חניה,802,משרד
809881,1755724,9997,,50004,20010,פנגו,הוצאות נסיעות מחלקת סיטונאות,03/04/2025,03/04/2025,03/04/2025,0,178335929,פנגו 04/25,,16.95,50042,הוצאות חניה,802,משרד
809882,1755725,9997,,50004,20010,פנגו,הוצאות נסיעות מחלקת סיטונאות,05/04/2025,05/04/2025,05/04/2025,0,178402092,פנגו 04/25,,16.95,50042,הוצאות חניה,802,משרד
809891,1755734,9997,,50004,20010,פנגו,הוצאות נסיעות מחלקת סיטונאות,07/04/2025,07/04/2025,07/04/2025,0,178465808,פנגו 04/25,,12.71,50042,הוצאות חניה,802,משרד
809890,1755733,9997,,50004,20010,פנגו,הוצאות נסיעות מחלקת סיטונאות,08/04/2025,08/04/2025,08/04/2025,0,178516408,פנגו 04/25,,16.95,50042,הוצאות חניה,802,משרד
809889,1755732,9997,,50004,20010,פנגו,הוצאות נסיעות מחלקת סיטונאות,10/04/2025,10/04/2025,10/04/2025,0,178579823,פנגו 04/25,,14.41,50042,הוצאות חניה,802,משרד
809888,1755731,9997,,50004,20010,פנגו,הוצאות נסיעות מחלקת סיטונאות,13/04/2025,13/04/2025,13/04/2025,0,178650721,פנגו 04/25,,13.56,50042,הוצאות חניה,802,משרד
809887,1755730,9997,,50004,20010,פנגו,הוצאות נסיעות מחלקת סיטונאות,16/04/2025,16/04/2025,16/04/2025,0,178740590,פנגו 04/25,,19.49,50042,הוצאות חניה,802,משרד
809886,1755729,9997,,50004,20010,פנגו,הוצאות נסיעות מחלקת סיטונאות,17/04/2025,17/04/2025,17/04/2025,0,178795405,פנגו 04/25,,4.24,50042,הוצאות חניה,802,משרד
809885,1755728,9997,,50004,20010,פנגו,הוצאות נסיעות מחלקת סיטונאות,19/04/2025,19/04/2025,19/04/2025,0,178847728,פנגו 04/25,,16.95,50042,הוצאות חניה,802,משרד
809884,1755727,9997,,50004,20010,פנגו,הוצאות נסיעות מחלקת סיטונאות,21/04/2025,21/04/2025,21/04/2025,0,178903019,פנגו 04/25,,13.56,50042,הוצאות חניה,802,משרד
809883,1755726,9997,,50004,20010,פנגו,הוצאות נסיעות מחלקת סיטונאות,22/04/2025,22/04/2025,22/04/2025,0,178942886,פנגו 04/25,,23.73,50042,הוצאות חניה,802,משרד
815295,1768897,9997,,50004,20010,פנגו,הוצאות נסיעות מחלקת סיטונאות,26/04/2025,26/04/2025,26/04/2025,0,179081139,פנגו 04/25,,16.95,50042,הוצאות חניה,802,משרד
809879,1755721,9997,,50042,20010,פנגו,הוצאות חניה,27/02/2025,27/02/2025,27/02/2025,0,177110586,פנגו 02/25,,-118.7,50041,הוצאות שיווק סיטונאות,804,שיווק סופרפארם
809899,1755760,9997,,50004,20010,פנגו,הוצאות נסיעות מחלקת סיטונאות,27/02/2025,27/02/2025,27/02/2025,0,177110586,פנגו 02/25,,118.7,50041,הוצאות שיווק סיטונאות,804,שיווק סופרפארם
809876,1755715,9997,,50042,20010,פנגו,הוצאות חניה,19/01/2025,19/01/2025,19/02/2025,0,87623,פנגו,,-411.41,50004,הוצאות נסיעות מחלקת סיטונאות,801,מכירות
809877,1755717,9997,,50042,20010,פנגו,הוצאות חניה,29/01/2025,29/01/2025,29/01/2025,160251383,14,פנגו-חניונים,,-69.64,50004,הוצאות נסיעות מחלקת סיטונאות,801,מכירות
809880,1755723,9997,,50042,20010,פנגו,הוצאות חניה,19/02/2025,19/02/2025,23/04/2025,0,0,חניה,,-677.68,50004,הוצאות נסיעות מחלקת סיטונאות,801,מכירות
809899,1755761,9997,,50041,20010,פנגו,הוצאות שיווק סיטונאות,27/02/2025,27/02/2025,27/02/2025,0,177110586,פנגו 02/25,,-118.7,50004,הוצאות נסיעות מחלקת סיטונאות,801,מכירות
815280,1768884,9997,,80100,20010,פנגו,הוצאות ליסינג רכב דרור,01/04/2025,01/04/2025,01/04/2025,0,41000637,"מוקד איתור 01 / 2025,02 / 2025,03 / 2025",,-133.56,50004,הוצאות נסיעות מחלקת סיטונאות,801,מכירות
809881,1755735,9997,,50042,20010,פנגו,הוצאות חניה,03/04/2025,03/04/2025,03/04/2025,0,178335929,פנגו 04/25,,-16.95,50004,הוצאות נסיעות מחלקת סיטונאות,801,מכירות
809882,1755736,9997,,50042,20010,פנגו,הוצאות חניה,05/04/2025,05/04/2025,05/04/2025,0,178402092,פנגו 04/25,,-16.95,50004,הוצאות נסיעות מחלקת סיטונאות,801,מכירות
809891,1755745,9997,,50042,20010,פנגו,הוצאות חניה,07/04/2025,07/04/2025,07/04/2025,0,178465808,פנגו 04/25,,-12.71,50004,הוצאות נסיעות מחלקת סיטונאות,801,מכירות
809890,1755744,9997,,50042,20010,פנגו,הוצאות חניה,08/04/2025,08/04/2025,08/04/2025,0,178516408,פנגו 04/25,,-16.95,50004,הוצאות נסיעות מחלקת סיטונאות,801,מכירות
809889,1755743,9997,,50042,20010,פנגו,הוצאות חניה,10/04/2025,10/04/2025,10/04/2025,0,178579823,פנגו 04/25,,-14.41,50004,הוצאות נסיעות מחלקת סיטונאות,801,מכירות
809888,1755742,9997,,50042,20010,פנגו,הוצאות חניה,13/04/2025,13/04/2025,13/04/2025,0,178650721,פנגו 04/25,,-13.56,50004,הוצאות נסיעות מחלקת סיטונאות,801,מכירות
809887,1755741,9997,,50042,20010,פנגו,הוצאות חניה,16/04/2025,16/04/2025,16/04/2025,0,178740590,פנגו 04/25,,-19.49,50004,הוצאות נסיעות מחלקת סיטונאות,801,מכירות
809886,1755740,9997,,50042,20010,פנגו,הוצאות חניה,17/04/2025,17/04/2025,17/04/2025,0,178795405,פנגו 04/25,,-4.24,50004,הוצאות נסיעות מחלקת סיטונאות,801,מכירות
809885,1755739,9997,,50042,20010,פנגו,הוצאות חניה,19/04/2025,19/04/2025,19/04/2025,0,178847728,פנגו 04/25,,-16.95,50004,הוצאות נסיעות מחלקת סיטונאות,801,מכירות
809884,1755738,9997,,50042,20010,פנגו,הוצאות חניה,21/04/2025,21/04/2025,21/04/2025,0,178903019,פנגו 04/25,,-13.56,50004,הוצאות נסיעות מחלקת סיטונאות,801,מכירות
809883,1755737,9997,,50042,20010,פנגו,הוצאות חניה,22/04/2025,22/04/2025,22/04/2025,0,178942886,פנגו 04/25,,-23.73,50004,הוצאות נסיעות מחלקת סיטונאות,801,מכירות
815295,1768898,9997,,50042,20010,פנגו,הוצאות חניה,26/04/2025,26/04/2025,26/04/2025,0,179081139,פנגו 04/25,,-16.95,50004,הוצאות נסיעות מחלקת סיטונאות,801,מכירות
815603,1769479,1131,,37999,20145,רעות תקני לי,ספקים לשלם +לקבל חשבונית,31/05/2025,31/05/2025,15/06/2025,40576,0,קדם רעות תקני לי,,-33733.37,37126,הוצאות הפקה,805,שיווק
815301,1768905,1105,,37999,30761,"קרני ראם- אוריקס פאונדס בע""מ",ספקים לשלם +לקבל חשבונית,31/01/2025,31/01/2025,28/05/2025,0,0,קרני 01.25,,-5000,50017,הוצאות יעוץ עסקי,802,משרד
815302,1768908,1105,,37999,30762,"קרני ראם- אוריקס פאונדס בע""מ",ספקים לשלם +לקבל חשבונית,18/02/2025,18/02/2025,28/05/2025,0,0,קרני 01.25,,5000,50017,הוצאות יעוץ עסקי,802,משרד
815303,1768909,1105,,37999,30763,"קרני ראם- אוריקס פאונדס בע""מ",ספקים לשלם +לקבל חשבונית,28/02/2025,28/02/2025,28/05/2025,0,0,קרני 02.25,,-2500,50017,הוצאות יעוץ עסקי,802,משרד
815304,1768912,1105,,37999,30764,"קרני ראם- אוריקס פאונדס בע""מ",ספקים לשלם +לקבל חשבונית,17/03/2025,17/03/2025,28/05/2025,0,0,קרני 02.25,,2500,50017,הוצאות יעוץ עסקי,802,משרד
815305,1768913,1105,,37999,30765,"קרני ראם- אוריקס פאונדס בע""מ",ספקים לשלם +לקבל חשבונית,31/03/2025,31/03/2025,28/05/2025,0,0,קרני 03.25,,-3000,50017,הוצאות יעוץ עסקי,802,משרד
815306,1768916,1105,,37999,30766,"קרני ראם- אוריקס פאונדס בע""מ",ספקים לשלם +לקבל חשבונית,15/04/2025,15/04/2025,28/05/2025,0,0,קרני 03.25,,3000,50017,הוצאות יעוץ עסקי,802,משרד
814912,1768029,1096,,37999,30767,"קרני ראם- אוריקס פאונדס בע""מ",ספקים לשלם +לקבל חשבונית,30/04/2025,30/04/2025,14/05/2025,0,555100,קרני 4.25,,-3000,50017,הוצאות יעוץ עסקי,802,משרד
814984,1768153,1097,,37999,30768,"קרני ראם- אוריקס פאונדס בע""מ",ספקים לשלם +לקבל חשבונית,18/05/2025,18/05/2025,25/05/2025,0,555095,קרני 04.2025,,-3000,50017,הוצאות יעוץ עסקי,802,משרד
815264,1768845,9997,,37999,30769,"קרני ראם- אוריקס פאונדס בע""מ",ספקים לשלם +לקבל חשבונית,18/05/2025,18/05/2025,14/05/2025,0,555100,קרני 4.25,,3000,50017,הוצאות יעוץ עסקי,802,משרד
815265,1768847,9997,,37999,30770,"קרני ראם- אוריקס פאונדס בע""מ",ספקים לשלם +לקבל חשבונית,18/05/2025,18/05/2025,25/05/2025,0,555095,קרני 04.2025 ביטול כפילות,,3000,50017,הוצאות יעוץ עסקי,802,משרד
815495,1769251,1131,,37999,30771,"קרני ראם- אוריקס פאונדס בע""מ",ספקים לשלם +לקבל חשבונית,31/05/2025,31/05/2025,15/06/2025,555108,0,קרני 05.2025,,-3000,50017,הוצאות יעוץ עסקי,802,משרד
809893,1755749,9997,,80016,20128,"שביט וזהו בע""מ",הוצאות שיווק אופליין,18/03/2025,18/03/2025,18/03/2025,0,90386,שביט וזהו חן קמפיין,,-104000,50011,הוצאות פרסום ושיווק,805,שיווק
809854,1755671,9997,,37999,20128,"שביט וזהו בע""מ",ספקים לשלם +לקבל חשבונית,18/03/2025,18/03/2025,18/03/2025,0,90386,שביט וזהו חן קמפיין,,104000,50011,הוצאות פרסום ושיווק,805,שיווק
809892,1755747,9997,,50011,20128,"שביט וזהו בע""מ",הוצאות פרסום ושיווק,16/01/2025,16/01/2025,23/04/2025,0,90386,שביט וזהו חן קמפיין,,-104000,80016,הוצאות שיווק אופליין,805,שיווק
809893,1755748,9997,,50011,20128,"שביט וזהו בע""מ",הוצאות פרסום ושיווק,18/03/2025,18/03/2025,18/03/2025,0,90386,שביט וזהו חן קמפיין,,104000,80016,הוצאות שיווק אופליין,805,שיווק
809892,1755746,9997,,80016,20128,"שביט וזהו בע""מ",הוצאות שיווק אופליין,16/01/2025,16/01/2025,23/04/2025,0,90386,שביט וזהו חן קמפיין,,104000,50011,הוצאות פרסום ושיווק,805,שיווק
809832,1755626,1082,,37999,20128,"שביט וזהו בע""מ",ספקים לשלם +לקבל חשבונית,16/01/2025,16/01/2025,23/04/2025,0,90386,שביט וזהו חן קמפיין,,-104000,50011,הוצאות פרסום ושיווק,805,שיווק
810036,1756038,1089,,37999,20044,שנטי גדרון,ספקים לשלם +לקבל חשבונית,31/03/2025,31/03/2025,28/04/2025,0,0,שנתי גדרון 03.25,,-248.32,50019,"הוצאות שת""פ",805,שיווק
810037,1756041,1089,,37999,20044,שנטי גדרון,ספקים לשלם +לקבל חשבונית,27/04/2025,27/04/2025,28/04/2025,0,400077,שנתי גדרון 03.25,,248.32,50019,"הוצאות שת""פ",805,שיווק
806485,1747461,9997,,50005,30697,"תדלק וסע בע""מ",הוצאות סלולר,05/01/2025,05/01/2025,19/02/2025,0,771,"תדלק וסע בע""מ-סולר 12.24",,-1441.39,80100,הוצאות ליסינג רכב דרור,801,מכירות
814871,1767956,1096,,37999,30697,"תדלק וסע בע""מ",ספקים לשלם +לקבל חשבונית,30/04/2025,30/04/2025,14/05/2025,0,0,סולר 04.25,,-1713.09,80100,הוצאות ליסינג רכב דרור,801,מכירות
806485,1747459,9997,,80100,30697,"תדלק וסע בע""מ",הוצאות ליסינג רכב דרור,05/01/2025,05/01/2025,19/02/2025,0,771,"תדלק וסע בע""מ-סולר 12.24",,1441.39,50005,הוצאות סלולר,802,משרד
815340,1768971,9997,,50013,20013,"תפוז שליחויות בע""מ",הוצאות משלוחים,31/01/2025,31/01/2025,31/01/2025,0,254000260,משלוחים חודש 01/2025,,36176.2,50040,הוצאות שכירות מחסן,806,לוגיסטיקה
815341,1768974,9997,,50013,20013,"תפוז שליחויות בע""מ",הוצאות משלוחים תפוז,31/01/2025,31/01/2025,31/01/2025,0,254000843,חומרי אריזה תפוז,,-1550,50016,הוצאות אריזה,806,לוגיסטיקה
815341,1768973,9997,,50016,20013,"תפוז שליחויות בע""מ",הוצאות אריזה,31/01/2025,31/01/2025,31/01/2025,0,254000843,חומרי אריזה תפוז,,1550,50013,הוצאות משלוחים תפוז,806,לוגיסטיקה
815340,1768972,9997,,50040,20013,"תפוז שליחויות בע""מ",הוצאות שכירות מחסן,31/01/2025,31/01/2025,31/01/2025,0,254000260,משלוחים חודש 01/2025,,-36176.2,50013,הוצאות משלוחים תפוז,806,לוגיסטיקה
815062,1768369,1101,,37999,20013,"תפוז שליחויות בע""מ",ספקים לשלם +לקבל חשבונית,30/04/2025,30/04/2025,25/05/2025,0,254002663,תפוז כפולה ל04.2025- משלוחים,,46291,50013,הוצאות משלוחים תפוז,806,לוגיסטיקה
820427,1781288,9997,,37999,20013,"תפוז שליחויות בע""מ",ספקים לשלם +לקבל חשבונית,30/04/2025,30/04/2025,25/05/2025,0,254002663,תפוז כפולה ל04.2025- משלוחים,,-46291,50013,הוצאות משלוחים תפוז,806,לוגיסטיקה
809897,1755756,9997,,80044,37068,"פולסים בע""מ -50012-הוצ' אימייל מרקטינג",הוצאות דיוור סמס,15/02/2025,15/02/2025,23/04/2025,0,0,פולסים 01.25,,0.11,50030,ביטול יתרה,990,עמלות בנק
815316,1768935,9997,,50019,37015,יובל רשף,"הוצאות שת""פ",23/04/2025,23/04/2025,23/04/2025,7007,0,יובל רשף 02.25,,0.04,50030,ביטול יתרה,990,עמלות בנק
